Employee ID,First Name,Last Name,Age,Gender,DOB,Date Joined,Date Resigned,Department,Salary,Performance level
1,Cynthia, gomez,48,Woman,8-May-10,12/15/2021,5/21/2024,Operation,184016,1
2,Ryan,Blair,116,Man,7/2/1908,12/2/2023,6/26/2028,Sales,101159,Exceeds
3,John,Russo,69,F,12-Sep-21,11/2/2023,6/29/2027,Marketing,52625,Outstanding
4,Donald,Salinas,52,Girl,12/12/2016,10/30/2023,10/20/2026,Sales,90758,Meets
5,James,Lee,70,Woman,8-Aug-11,12/21/2022,8/21/2025,IT,193481,3
6,Anna,Frost,56,Woman,NULL,1/13/2022,5/14/2024,Marketing,132763,3
7,Theresa, morgan,46,Boy,2/19/1967,12/2/2023,12/11/2024,Sale,3449,Exceeds
8,Shawn,Johnston,41,Woman,25-Sep-95,12/7/2021,2/14/2023,Operations,81011,2
9,Connie,Smith,36,Decline to comment,29-Dec-59,11/8/2022,2/22/2025,IT,8662,2
10,Ashley,Smith,53,Woman,11/20/1991,2/9/2021,10/5/2021,Operations,69801,Meets
11,Alexis,hall ,18,M,9-Apr-55,8/3/2023,1/16/2024,Finance,87570,1
12, Shannon,Meyer,46,Woman,10/6/1951,9/3/2020,5/20/2024,Sales,34677,Below
13,Amber,Wood,30,F,NULL,12/2/2023,7/31/2027,Engineering,97891,2
14,Cheyenne,taylor ,49,Boy,1/25/1999,10/20/2022,7/29/2023,Customer Service,45799,1
15,Jordan,Kramer,53,Decline to comment,14-Jun-58,3/7/2021,10/21/2023,Sales,95163,Meets
16, Connie,Giles,45,Woman,6-Feb-48,12/26/2022,9/12/2026,Operations,102793,1
17,rachel ,Davies,20,Boy,6/8/1993,12/2/2023,1/1/2025,IT,51187,Needs Improvement
18,Jacob Terri,,49,Boy,NULL,5/14/2020,11/2/2023,Finance,159160,4
19,Michael,Garcia,28,Boy,NULL,2/3/2023,8/13/2024,Finance,153802,Meets
20,Jamie,Sims,65,Boy,1/27/1939,2/3/2022,7/12/2022,Marketing,79379,Meets
21,michael ,king ,32,Boy,5/17/1960,7/25/2023,3/13/2027,IT,103370,1
22,Lauren,Sheppard,23,Man,10/16/1922,8/19/2020,6/11/2023,IT,103820,3
23,Brooke,Foster,40,Man,11/16/2009,3/30/2021,6/1/2024,Customer Service,95097,2
24,Stephen,Oliver,62,Male,2/6/1955,5/14/2020,1/13/2022,Engineering,34105,Exceeds
25,karina ,kim ,44,Female,12-Jun-94,10/12/2022,5/18/2025,IT,35069,3
26,Stephanie,Martinez,24,Woman,8/4/1992,2/13/2022,7/27/2024,Marketing,141568,2
27,Julie, henderson,69,Boy,8/28/1943,4/30/2020,4/27/2021,IT,194702,Exceeds
28,Matthew,Jones,65,Boy,5/6/1966,1/16/2023,9/23/2026,Customer Service,153935,4
29,katie ,jones ,93,Girl,1/3/1931,8/8/2023,1/22/2026,Finance,153950,4
30,,King Smith,22,Girl,9/18/1926,11/19/2020,10/10/2024,Engineering,54866,Exceeds
31,Joshua, taylor,20,Boy,29-Nov-04,8/21/2020,2/22/2023,Operations,146611,2
32,Leah Timothy,,58,F,7/27/1975,5/16/2023,8/12/2026,Operations,144333,3
33,ashley ,Brock,22,Man,12/4/1936,9/23/2020,8/13/2022,Engineering,62101,4
34,Michael,Lopez,41,Boy,24-Aug-23,12/2/2023,7/23/2026,Marketing,166910,Outstanding
35,edward ,Dunn,63,Male,4/28/1949,12/2/2023,12/15/2025,Operations,112906,Outstanding
36,Jodi,Lamb,57,F,12/27/1959,1/20/2023,7/14/2026,Customer Service,78523,Meets
37,Robert, mcdonald,22,Male,8/9/1998,10/26/2023,2/3/2024,Finance,10296,Below
38,Jeffrey,Kim,45,Girl,7/31/1945,1/10/2022,3/13/2024,Engineering,129361,Exceeds
39,Stephanie,Francis,48,Decline to comment,24-Feb-76,9/17/2022,1/16/2025,Finance,177965,4
40,Alexis, parker,57,Female,7/22/1967,4/23/2021,4/17/2025,Marketing,127234,3
41,,Wells Ross,52,Man,NULL,8/25/2023,1/14/2025,Operations,194386,Meets
42, Michele,Mills,30,M,7/28/1937,10/31/2021,5/28/2024,Finance,189561,Outstanding
43,Anna,Smith,32,Girl,2/9/1979,11/23/2021,4/22/2024,IT,96436,Meets
44,Curtis,bell ,20,M,8/20/1939,2/9/2020,1/14/2023,Sales,191826,Below
45,Jeffrey,Mccoy,42,Woman,9-Oct-40,12/2/2023,3/1/2026,Customer Service,121092,4
46,Courtney,Johnston,58,Woman,2/9/1924,9/27/2020,6/4/2022,Finance,4117,Needs Improvement
47,Sara,Mendez,50,Woman,10-Nov-74,10/22/2023,7/2/2027,H,7780,Outstanding
48,mercedes ,Henry,46,F,1-Jun-67,8/18/2021,5/9/2022,Marketing,183038,3
49,Diane,Chandler,22,Decline to comment,2/18/2002,7/19/2021,12/3/2024,Customer Service,50006,Outstanding
50,Megan,Peters,24,Man,10/5/1973,5/2/2021,5/1/2025,Operations,199538,Exceeds
51, Cory,tucker ,55,Male,30-May-52,11/25/2021,6/7/2024,HR,88393,Outstanding
52,Brian,Olson,18,Woman,13-Apr-16,5/15/2020,3/15/2022,Sales,96461,1
53,Jackie,Peterson,40,Decline to comment,26-Apr-23,12/2/2023,12/24/2027,HR,103223,Outstanding
54,David,Fitzpatrick,65,N/A,NULL,8/11/2021,4/19/2025,Marketing,182878,1
55,Brandon,Macdonald,89,Male,10/31/1935,6/19/2023,1/7/2026,Operations,176106,2
56,Joseph,Thompson,47,Female,6/14/2015,8/2/2023,11/27/2025,Sales,149314,Outstanding
57,Victoria Matthew,,39,Woman,6/3/1948,6/22/2020,4/17/2024,Operations,51645,3
58,james ,Martinez,41,M,NULL,8/29/2023,4/21/2027,Finance,128529,Below
59,Andrew,Gonzalez,25,F,8/23/1962,3/30/2023,3/4/2024,Marketing,43072,Meets
60,Leon,horton ,22,N/A,5-Nov-15,7/17/2020,5/11/2022,IT,100105,3
61,Jesus,Wood,36,Boy,2/28/1989,6/1/2021,11/3/2022,IT,86347,Exceeds
62,wendy ,Ramirez,21,Boy,4/18/1931,11/15/2020,2/12/2022,Sales,15392,4
63,Nicholas,Tucker,25,Female,15-Mar-82,8/5/2023,10/11/2023,HR,158867,5
64,Wayne,carter ,50,Decline to comment,11/10/1918,5/17/2023,3/25/2027,Sales,11208,5
65,Allen,lowe ,24,Girl,2/15/1913,10/5/2022,12/23/2025,Sales,154959,Meets
66,Susan,Yates,44,Boy,8/7/1999,9/28/2022,1/31/2025,Customer Service,185711,Outstanding
67,Laura,Anderson,59,Woman,26-Jan-21,12/2/2023,3/2/2027,Customer Service,153211,Needs Improvement
68, Lauren,Morse,70,Girl,10/8/1999,3/4/2021,3/2/2024,IT,76549,Needs Improvement
69, Jennifer,Monroe,62,Woman,1/18/1956,5/26/2022,4/28/2023,HR,142506,1
70,,Smith Wall,58,F,NULL,9/18/2022,11/24/2022,HR,45759,Needs Improvement
71,Scott, dixon,32,Boy,27-Jan-73,3/29/2022,12/22/2025,Marketing,163754,Below
72, Jacob,Smith,60,N/A,6/12/1950,2/29/2020,7/26/2022,I,113284,3
73,holly ,Dillon,33,M,4/23/1975,6/5/2021,8/5/2024,Customer Service,76383,1
74,Nicole,Fields,31,Boy,5/18/2006,12/2/2023,4/11/2028,Operations,168383,Outstanding
75,,Walker Moore,60,F,11/19/1986,12/2/2023,10/10/2028,Operations,85231,Meets
76,emily ,rogers ,26,N/A,1/29/1993,6/29/2022,1/10/2024,Finance,158291,Meets
77,Omar,Hill,36,N/A,19-Jul-53,8/14/2022,5/1/2026,HR,93720,4
78,Chloe,Campbell,23,Man,24-Jan-46,5/20/2022,1/10/2023,Engineering,97394,Outstanding
79,Brian,Flores,68,Girl,NULL,12/28/2022,1/2/2024,Marketing,15598,Needs Improvement
80,Sarah,Myers,58,N/A,5/5/2015,7/21/2022,8/8/2023,Customer Service,107390,Needs Improvement
81,William,Faulkner,51,Girl,3/9/1973,7/22/2020,2/25/2021,Operations,196950,Exceeds
82,Glenn,Farrell,55,Female,5/3/1986,12/2/2023,2/25/2026,IT,70469,1
83,Amy,Bailey,62,Woman,13-Mar-19,10/7/2022,2/15/2023,IT,117694,Below
84,Brenda,owen ,78,F,2/27/1946,3/2/2022,12/9/2022,Operations,93996,1
85, Paige,bradford ,54,Man,1-Nov-12,12/2/2023,9/15/2028,HR,42235,2
86,kirk ,Duncan,77,Girl,6/16/1947,4/14/2020,9/2/2022,Marketing,96580,1
87,Jordan,Mejia,42,Woman,7/7/1912,9/1/2021,4/1/2025,Sales,57559,Meets
88,Jonathan,Patel,69,Decline to comment,NULL,12/2/2023,10/20/2024,IT,188021,Exceeds
89,beverly ,Hall,19,Decline to comment,18-Aug-74,12/2/2023,3/15/2025,IT,125303,Needs Improvement
90,Joel,Martin,64,Male,NULL,12/2/2023,12/8/2026,HR,189355,1
91,Vincent,Buckley,55,F,6/26/2000,6/6/2020,11/8/2023,HR,33454,Meets
92,,Harris Ray,34,Female,12/2/2016,2/16/2023,5/19/2024,Finance,134956,4
93,Patricia,Hansen,60,Man,24-Aug-54,12/2/2023,6/21/2026,Engineering,146587,Outstanding
94,daniel ,Miller,46,M,5/27/1928,5/1/2021,9/19/2024,Sales,85489,1
95,Brenda,Carroll,37,M,4/11/1975,5/19/2023,2/21/2026,marketinging,133977,3
96,Katie,Luna,60,Decline to comment,9-Jun-85,2/28/2022,1/23/2024,H,59966,Outstanding
97,Joshua,Powell,103,F,30-Mar-21,7/20/2022,11/21/2023,Engineering,164157,Outstanding
98,Priscilla,Simmons,52,Decline to comment,7/4/1972,12/2/2023,8/23/2026,HR,100023,Exceeds
99,Elizabeth, peters,32,N/A,29-Dec-28,2/9/2020,7/10/2023,Sale,78168,5
100,Courtney Robert,,36,F,29-Jan-01,5/19/2020,7/22/2020,Engineering,173198,3
101,Tyler,eaton ,62,N/A,18-Apr-15,2/19/2021,6/8/2024,Marketing,193607,Meets
102,Edward,Lee,37,Woman,19-Dec-42,3/6/2020,2/1/2024,I,159161,5
103, David,Rodriguez,63,Woman,1/20/2024,12/6/2022,2/26/2023,Operation,173347,5
104,Joshua,Hughes,32,Female,NULL,12/3/2022,7/2/2025,Engineering,83868,1
105,Samantha Austin,,35,F,23-Nov-41,8/26/2023,10/25/2025,Sales,34503,5
106,Robert,Jones,116,Male,11/15/1908,12/2/2023,6/3/2025,Finance,32505,Below
107, Andrew,Brewer,19,F,2/24/1948,8/28/2023,8/30/2024,Sales,145604,1
108,Eric,Ramos,48,Boy,4/22/2001,6/1/2023,3/23/2024,HR,13391,Outstanding
109,Alexandra,Everett,68,F,12-Sep-96,12/28/2023,9/25/2026,HR,119092,1
110, Alisha,Meyer,67,M,NULL,2/5/2023,4/25/2024,Customer Service,136737,Needs Improvement
111,Jessica William,,35,Decline to comment,NULL,5/30/2021,1/7/2024,HR,132756,Below
112,Derek,Phillips,65,Man,16-Sep-45,12/31/2023,4/12/2024,I,82343,Meets
113,William,Greene,22,Man,12/15/1946,5/31/2023,6/27/2025,HR,172333,2
114,Crystal,Garner,45,Girl,7-Aug-03,12/2/2023,3/18/2028,Engineering,142775,Needs Improvement
115,Benjamin,Hull,55,Girl,8/22/1915,12/2/2023,1/10/2028,Engineering,50342,Below
116,Matthew,Mclaughlin,22,F,17-Sep-02,5/13/2022,10/5/2023,engineeringing,15391,3
117,Kimberly,George,NULL,Female,NULL,7/2/2020,8/30/2023,Marketing,4115,Exceeds
118,Jenna,Goodman,24,Boy,10/21/1922,5/23/2021,4/15/2023,Engineering,139673,Exceeds
119,,Cooke Navarro,65,Man,4-Nov-34,9/3/2020,12/1/2023,Engineering,191211,Below
120,Julie,Garcia,66,Man,3-Jun-09,12/2/2023,6/16/2028,Engineering,30497,Outstanding
121,angela ,Franklin,63,Girl,3-Jan-32,10/23/2020,12/12/2020,HR,55162,Meets
122,Dennis,Bates,39,M,1/26/1984,12/26/2020,8/16/2022,Customer Service,55530,Meets
123,Cheryl,snyder ,37,Decline to comment,NULL,7/27/2022,1/14/2023,H,106163,Meets
124,John,Le,25,Decline to comment,3/21/1958,12/8/2022,3/27/2024,Customer Service,134082,5
125,Lori,Payne,43,Decline to comment,1/19/1947,12/2/2023,4/10/2026,Customer Service,181284,3
126,Robert,Hill,39,Decline to comment,21-Oct-18,4/4/2023,10/1/2023,Engineering,35391,Needs Improvement
127, Joseph,Gray,44,Decline to comment,13-Jan-39,8/11/2022,10/14/2024,HR,15797,Needs Improvement
128,Christopher,rodriguez ,57,Woman,1-Jan-63,8/16/2022,8/2/2025,Sales,146998,4
129,jonathan ,Marsh,25,Decline to comment,9/2/1939,12/2/2023,8/25/2024,Customer Service,110640,2
130,Cory,Parker,72,Boy,10/16/1952,8/14/2020,1/22/2024,Sales,5294,Below
131,Lauren,Smith,43,Male,20-Oct-22,12/8/2022,7/24/2024,IT,101301,Outstanding
132,Anthony, harris,31,Female,12/18/1922,1/25/2022,9/29/2025,Sales,4859,Outstanding
133,veronica ,Hernandez,64,Male,7/1/1986,12/2/2023,1/18/2025,Customer Servic,145949,Below
134,thomas ,Woods,42,Man,31-Mar-48,11/26/2023,6/19/2027,Sales,168216,Meets
135,jermaine ,Armstrong,22,Male,5-Dec-10,12/2/2023,6/2/2028,Sales,118315,Outstanding
136,Clifford, salas,59,Man,3-Apr-74,12/2/2023,11/29/2024,Marketing,56726,Needs Improvement
137, Heather,Simpson,NULL,M,NULL,9/6/2023,12/1/2025,IT,163734,Below
138,Tyler,Torres,99,Man,4/5/1925,12/2/2023,10/10/2027,Engineering,135671,2
139,Kyle,Schwartz,43,F,6/23/1914,3/9/2020,8/25/2021,HR,96679,Meets
140,Jamie,Lopez,62,Decline to comment,29-Jan-93,11/4/2022,1/6/2024,Customer Service,161070,Below
141,Jennifer,Thomas,59,Decline to comment,NULL,9/26/2023,8/19/2024,Customer Service,140378,Exceeds
142,Madison,bowman ,27,N/A,NULL,12/29/2021,4/30/2022,Engineering,171091,Exceeds
143,Cameron,Lang,69,Female,16-Mar-56,7/3/2022,10/20/2025,Engineering,122905,2
144,Samuel,Lawson,96,Male,25-Nov-28,9/14/2021,12/21/2023,IT,33945,Below
145,Pamela,Cox,35,Female,19-Jul-21,12/22/2020,6/22/2021,Customer Service,141088,Meets
146,,Burke Harris,54,M,11-Jun-68,10/3/2023,9/14/2027,IT,50968,2
147,Lynn Juan,,63,Man,5/23/2001,7/13/2020,8/11/2022,Sales,120451,3
148,Laura,Ray,24,Decline to comment,19-Dec-36,3/26/2023,6/10/2025,HR,146611,4
149,Bonnie,Cox,113,N/A,11/28/1911,4/13/2022,8/25/2025,Finance,59497,Outstanding
150,Shannon,Fleming,53,Decline to comment,1/27/1968,7/15/2020,10/15/2023,Customer Servic,116602,2
151,Kimberly,Miller,67,Man,9/28/1932,2/5/2022,4/25/2025,Customer Service,3106,Exceeds
152,Victoria,Clark,55,Man,12/12/1960,2/21/2021,9/16/2022,Finance,171935,1
153,Laura,Rodriguez,65,M,11/12/2000,4/27/2020,9/13/2020,IT,44009,4
154,Charles,Mclaughlin,20,Man,10/4/1920,12/2/2023,12/8/2024,Engineering,154149,Meets
155,Gabrielle,velazquez ,35,Boy,4/5/1993,4/12/2021,12/16/2024,HR,4168,2
156,Herbert, carey,61,F,NULL,10/19/2020,1/20/2022,Sales,112275,Exceeds
157,Eric,Garcia,48,N/A,1-Mar-61,2/20/2022,12/21/2025,Sales,127486,4
158,Henry,Abbott,26,F,8/23/1929,12/22/2021,7/14/2024,Engineering,8973,Exceeds
159,jessica ,Davis,21,Woman,2/7/1990,1/24/2020,1/19/2024,IT,82126,Needs Improvement
160,,Jenkins Ward,70,M,28-Jul-69,9/16/2023,1/2/2024,Finance,150315,Exceeds
161,Amy,Butler,25,Decline to comment,4-Mar-20,12/2/2023,10/20/2026,I,179160,Needs Improvement
162,linda ,Allen,66,Male,7-Mar-03,8/3/2022,9/22/2022,IT,189649,1
163,Benjamin,Miller,49,F,23-Jun-19,4/25/2020,12/11/2020,Sales,53455,5
164,Daniel,Nguyen,48,N/A,18-Jun-60,5/19/2021,5/17/2022,Finance,11340,2
165,William,Ruiz,69,Female,10/15/2015,2/29/2020,8/6/2021,Operations,111282,1
166,Lori,Esparza,20,N/A,4/12/1930,12/2/2023,1/2/2026,Sales,71233,Meets
167, Joseph,Dyer,44,Woman,3-Feb-05,8/23/2021,8/6/2023,Sales,141353,3
168,helen ,Randall,70,Man,31-Oct-32,9/17/2022,7/31/2024,HR,181353,3
169,,Taylor White,70,Male,26-Feb-07,12/2/2023,10/2/2025,IT,158441,1
170,Jennifer,knight ,28,Girl,24-Mar-45,7/18/2020,9/14/2020,Finance,179272,5
171,Deborah, saunders,53,Decline to comment,NULL,3/30/2022,9/8/2025,Customer Service,78888,Below
172,,Jones Lopez,52,Man,11/1/1956,10/5/2022,2/12/2025,Sales,75750,3
173, Nina,Brown,36,Girl,7-Mar-22,9/8/2021,11/15/2023,Sales,62935,4
174,James,Johnson,21,N/A,NULL,7/26/2020,7/15/2022,HR,98545,Outstanding
175,Teresa,Lin,19,Male,3/6/1913,12/2/2023,5/7/2026,HR,141226,4
176,,Powell Little,23,M,2/21/1954,1/26/2022,12/22/2024,H,123133,Needs Improvement
177,Andrew,Barker,53,Man,9/27/1940,1/12/2021,8/27/2024,Operations,87399,5
178,Margaret,Wang,39,N/A,7/28/1954,12/2/2023,6/27/2028,Engineering,57686,1
179, Cody,kirk ,29,Boy,1/24/1909,10/17/2020,6/5/2022,Marketing,125492,3
180,Alexander,Morse,55,Male,11/2/1934,11/21/2022,11/13/2025,HR,179193,5
181,Tammy,Smith,61,Man,14-Nov-04,4/29/2021,4/6/2023,Customer Service,83996,4
182,Marissa Lisa,,64,Decline to comment,18-Sep-78,4/19/2020,11/3/2023,H,13166,Exceeds
183,Jessica,Hancock,43,Male,18-Apr-55,12/2/2023,10/22/2026,Finance,36556,Meets
184,Ashley,Gill,51,Man,31-May-20,12/2/2023,4/26/2025,Marketing,184865,3
185,Sarah,Harris,48,Female,5/5/2000,7/3/2022,2/27/2024,Operations,147954,Needs Improvement
186,Lindsey,Gonzalez,93,N/A,22-Dec-31,4/28/2023,10/18/2024,Engineering,139968,Exceeds
187,Lindsey,Hogan,51,F,3-Apr-33,8/18/2020,3/28/2023,marketinging,156269,2
188,David Heather,,69,Female,18-Aug-56,1/10/2020,7/26/2023,Marketing,136804,Exceeds
189,Kelsey,cobb ,NULL,N/A,NULL,9/3/2023,2/3/2027,Customer Service,82484,2
190,Megan,Dodson,56,Man,NULL,4/19/2021,7/14/2024,Marketing,41984,5
191,Pamela,Harper,60,F,11/9/1918,6/6/2022,1/13/2025,Sales,181929,4
192,Andrea,Crosby,20,Male,3-Oct-63,5/18/2020,2/17/2024,Engineering,156112,Needs Improvement
193,,Dennis Wagner,32,M,6/1/1992,6/12/2021,6/19/2024,IT,4133,2
194,Shawn,Warren,56,F,26-Jan-23,7/28/2022,2/12/2023,Operations,139051,2
195,david ,bates ,40,Boy,NULL,3/6/2022,2/22/2026,IT,47696,2
196, Barry, cardenas,32,F,23-Dec-75,12/2/2023,8/2/2026,Finance,73114,5
197,Katherine,Carter,22,Female,9-Oct-79,7/9/2020,8/15/2023,Operations,110615,3
198,Anthony,Terrell,61,Man,22-Jul-65,12/2/2023,8/7/2025,Operations,71851,Below
199,,Suarez Copeland,20,Man,10/20/2004,12/2/2023,10/11/2025,HR,63846,3
200,Julia,Watson,45,Girl,30-Apr-61,2/6/2020,4/21/2022,IT,131988,4
201,Michael, lewis,32,Male,1-Jun-92,12/2/2023,10/25/2025,Engineering,181717,2
202,Patrick,Lopez,43,Man,11/20/1989,10/4/2023,12/30/2023,Customer Service,162142,Needs Improvement
203,John,Hernandez,33,Male,12/24/1999,2/20/2020,4/1/2021,Engineering,48371,4
204,Cody,Rodgers,40,Man,26-Apr-26,10/13/2022,12/11/2025,HR,89312,5
205,Gregory,Bryant,24,Female,10-May-10,7/10/2022,9/4/2024,Operations,162350,Exceeds
206,Jacob,Martin,60,Man,6/19/1964,5/28/2023,5/15/2025,Operations,150988,4
207,Brandon,peck ,63,M,2/19/1990,12/2/2023,5/11/2026,HR,59704,Needs Improvement
208,Derek,Simon,42,Male,14-Sep-95,1/25/2021,7/25/2021,Customer Service,36609,4
209,Matthew,Griffin,47,N/A,19-Aug-75,12/2/2023,3/18/2025,IT,32840,5
210,Shannon,Anderson,45,Girl,7/19/2011,5/21/2022,11/18/2025,Customer Service,89472,2
211, Whitney,Galloway,26,Female,8/20/1945,8/6/2022,5/17/2023,Engineering,137404,Meets
212,Stephen,Adams,59,M,9/2/1931,11/21/2023,6/8/2025,Finance,101022,2
213,Stacey,Miller,34,Boy,16-Jun-23,12/2/2023,10/2/2027,IT,126186,Needs Improvement
214, Alexander,Morris,39,Girl,6-Apr-41,3/3/2023,2/28/2025,IT,146084,3
215,Doris,Wong,58,Man,3/18/1925,12/2/2023,4/8/2025,Marketing,182491,4
216,Ryan,Ramsey,21,Decline to comment,4/30/2022,5/23/2020,4/12/2023,IT,122498,Outstanding
217,,Reid Hill,51,Woman,5-Jun-37,3/31/2021,7/25/2023,HR,152605,Outstanding
218,Shane Christian,,31,Girl,9/30/1952,10/25/2020,10/20/2022,Customer Service,179867,3
219,Melissa,Benson,27,Decline to comment,10/28/1958,2/19/2023,4/11/2025,Operations,100987,5
220,Christine,hudson ,69,N/A,5/23/1955,8/16/2021,4/24/2024,Customer Service,71027,5
221,William,Clark,30,Male,8-Apr-88,9/14/2021,3/16/2024,Engineering,146064,Below
222,Richard,Houston,45,Female,12-Jan-93,11/9/2023,12/1/2024,IT,165414,3
223,Bianca,Brown,31,F,4/16/1949,7/2/2020,2/21/2023,Sale,85255,Needs Improvement
224, Laura,Young,26,Boy,29-Jul-51,12/2/2023,11/17/2026,HR,134045,2
225,Jennifer,Williams,43,Decline to comment,NULL,12/5/2022,9/17/2023,Customer Service,106631,1
226,,Wise Brown,70,N/A,14-Mar-50,12/3/2020,9/15/2021,HR,134208,Outstanding
227, William,Houston,28,Man,9/3/1996,12/22/2020,10/6/2024,Marketing,199930,1
228,Brian,Banks,44,Boy,7-Sep-91,3/3/2020,9/22/2021,Marketing,158903,1
229,,Fuentes Adams,45,Woman,6/28/1911,7/13/2022,2/26/2024,HR,162844,Meets
230,Christian,Payne,65,Decline to comment,2-Nov-68,12/2/2023,10/15/2025,Customer Service,56853,5
231, Joseph,Harris,26,Decline to comment,5/6/1999,12/2/2023,3/18/2028,Sales,172797,Exceeds
232,,Dean Howard,53,Female,NULL,2/5/2020,1/31/2023,Operations,161339,4
233, Judith,Mcintyre,44,Man,26-Sep-77,2/25/2023,1/21/2025,IT,71819,2
234,Jerry,Gillespie,26,Boy,26-Apr-01,6/19/2021,4/4/2023,HR,112957,Below
235,Mitchell,Patel,62,M,10/21/1946,7/1/2022,4/19/2024,marketinging,88281,Outstanding
236,sarah , west,30,Girl,7/8/2002,12/2/2023,4/16/2028,IT,38481,Below
237,Daniel,coleman ,91,Male,16-Jan-33,2/15/2021,7/28/2022,Customer Service,81405,Below
238, Veronica,Howard,22,Woman,2-Nov-23,12/2/2023,5/9/2027,Finance,123158,4
239,Morgan,Fuentes,50,Decline to comment,5-Nov-31,12/2/2023,6/28/2024,Marketing,195418,Below
240,William,fernandez ,64,F,17-Aug-62,4/9/2022,12/27/2024,Customer Service,34215,Needs Improvement
241, Brandon,Anderson,41,M,1-Jan-57,11/2/2021,4/10/2024,Engineering,100140,Below
242, Caleb,Miller,66,Decline to comment,5/6/1955,2/18/2023,4/3/2024,Operations,51758,1
243,,Leonard Frank,35,M,13-Jan-93,6/16/2021,10/16/2021,Marketing,84736,Outstanding
244,Jason,Ramos,57,Boy,22-Jun-44,10/24/2023,12/15/2026,Engineering,131776,1
245,Christopher,Rose,67,Female,3-Sep-85,5/24/2021,1/8/2022,IT,140037,5
246,Matthew,Horton,64,Girl,31-Dec-51,9/30/2021,11/4/2024,Sales,139707,3
247,David,Smith,51,F,NULL,12/2/2023,4/29/2025,Marketing,166968,Meets
248,Douglas,Carson,23,Girl,28-Jan-36,4/15/2020,7/10/2021,Finance,106492,3
249,Travis,Yates,63,M,10/29/1977,11/19/2021,6/12/2022,Customer Service,76625,1
250, Caleb,Thompson,35,Man,9/26/1990,3/19/2021,12/20/2024,Sales,120416,5
251,Eugene,acosta ,34,M,20-Sep-12,11/3/2022,8/2/2024,Engineering,141971,4
252,Brandon, dorsey,40,Woman,17-Jun-18,4/7/2020,7/29/2020,Marketing,149728,Below
253, Courtney,Clark,69,F,12/18/1908,6/28/2021,2/19/2024,HR,52518,5
254,Jesse,Torres,104,Decline to comment,28-Nov-20,2/21/2020,7/30/2021,Sales,120691,1
255,christie ,Jackson,113,Female,12-Feb-11,5/29/2020,7/2/2021,Engineering,191062,5
256,Miguel Laura,,23,Decline to comment,12/13/1950,12/2/2023,8/13/2025,HR,186910,Exceeds
257,Samantha,Luna,47,Man,4-Jun-37,12/2/2023,11/20/2027,I,82386,Meets
258,Sherri,Harding,49,N/A,23-Oct-45,10/28/2021,11/3/2022,Sales,115156,4
259,April,Willis,35,M,7/15/1918,4/28/2022,6/16/2023,Sales,38459,1
260,,Smith Krause,47,Boy,7/29/1985,12/2/2023,12/11/2024,HR,57160,1
261,Deborah,Ramirez,57,Decline to comment,19-Mar-23,4/20/2022,11/30/2025,Marketing,116599,Exceeds
262,Natalie,Rivers,26,N/A,6/10/2014,12/2/2023,8/7/2028,Finance,32026,Below
263,David,fisher ,50,Male,2/10/1923,10/5/2022,8/24/2023,Finance,69744,Exceeds
264, Nicole,Tucker,65,N/A,5/6/1959,6/10/2022,6/7/2024,IT,51411,1
265,Hannah,Castillo,35,Girl,16-Sep-89,10/3/2022,2/1/2024,Finance,162053,Outstanding
266,Joanne,johnson ,51,M,5/4/1990,7/1/2020,4/28/2021,Sales,65052,Exceeds
267,Adam,morales ,111,Boy,8/15/1913,8/1/2020,9/21/2022,Marketing,30446,Outstanding
268,Karen,Gallagher,26,Boy,4-Jun-82,5/16/2022,12/27/2023,Marketing,13838,Meets
269,Sherry, hicks,69,Male,10/21/2007,3/19/2022,6/2/2022,IT,63980,Meets
270,James,Rodriguez,24,Woman,NULL,12/2/2023,12/24/2027,Finance,103748,Outstanding
271,gary ,Mcdowell,67,Boy,18-Feb-55,12/10/2021,4/13/2024,Marketing,62198,1
272,Kimberly, wheeler,42,F,10/27/1939,11/26/2023,6/15/2027,HR,165147,Below
273,Desiree,Wright,32,Boy,1-Nov-08,4/12/2022,5/8/2025,Engineering,129916,1
274,Victor,Cooper,42,N/A,24-Oct-26,10/2/2021,1/14/2025,Engineering,175830,1
275,logan ,Floyd,33,N/A,10/1/1913,11/17/2021,9/25/2022,IT,146452,1
276,Maria,Todd,41,M,14-Sep-78,4/7/2023,11/22/2025,Customer Service,113778,Needs Improvement
277,Gerald, weber,44,N/A,11/22/1952,5/22/2021,7/23/2023,Finance,45328,2
278,Kathy,Williams,25,N/A,6/26/2011,8/30/2022,5/24/2025,Engineering,57197,Outstanding
279, Susan,johnson ,54,Boy,11/6/1951,11/16/2022,2/19/2025,Finance,88175,Exceeds
280,Sean,Mason,24,Decline to comment,1/9/2001,4/20/2023,7/18/2026,Customer Service,128901,Exceeds
281,Victor,Parker,27,M,7-Jun-20,3/11/2022,3/28/2025,Marketing,122811,Exceeds
282,adam ,Brown,55,Decline to comment,11-Feb-30,3/11/2021,7/7/2023,IT,106308,2
283, Steven,Haney,34,M,6/22/1958,6/1/2020,10/24/2020,Financ,166968,1
284,Sheryl,Mcdaniel,60,Man,7/19/2019,9/28/2022,4/11/2023,Finance,170049,Exceeds
285,Angela,Sullivan,37,Man,7-Nov-56,4/6/2020,7/9/2021,Engineering,143251,Outstanding
286,madison ,Bridges,18,N/A,5-Oct-75,3/23/2023,11/17/2023,IT,183348,5
287,Cynthia,murray ,32,Decline to comment,6/1/1992,2/12/2020,5/7/2022,HR,148300,1
288,Joanna,Vega,51,Man,19-Sep-19,7/23/2023,11/22/2024,IT,157521,2
289,Tamara,Jackson,22,Decline to comment,23-Jun-22,9/2/2021,2/7/2025,Finance,161379,2
290,,Bullock Smith,33,N/A,12/7/1991,7/17/2023,12/20/2023,Finance,172469,3
291,Elizabeth, smith,70,Male,20-Mar-36,2/12/2020,9/3/2021,Operations,4237,Exceeds
292,William,Ward,31,Woman,25-Oct-23,11/12/2022,8/29/2025,IT,66387,Meets
293,Todd,Wilson,55,Decline to comment,14-Aug-07,10/16/2022,10/28/2025,Finance,174024,Needs Improvement
294,Traci,Barnett,61,Woman,6/20/1987,12/2/2023,4/24/2026,Customer Service,107065,4
295,Jonathan,Bell,35,Decline to comment,4/4/2021,6/8/2021,5/5/2024,Finance,66488,Meets
296,,Vargas Schroeder,66,Female,16-Feb-92,2/11/2022,10/31/2023,Marketing,111532,3
297,David,Myers,53,Woman,30-Aug-17,9/18/2021,9/12/2022,IT,129405,1
298,Olivia,Rowland,30,M,29-Oct-67,11/22/2023,6/6/2026,IT,127012,5
299,Brittany,green ,66,M,9/11/1953,9/26/2022,2/18/2024,Customer Service,195264,Outstanding
300,nancy ,Clayton,41,Boy,NULL,12/2/2023,10/13/2026,IT,134910,Needs Improvement
301,Danielle, ward,25,Girl,12/12/1915,11/30/2023,4/6/2024,Sales,104225,Outstanding
302,Mark,Cross,38,Girl,4-Apr-30,12/2/2023,5/26/2024,Sales,122113,Outstanding
303, Jerry,Love,35,F,16-Mar-89,6/23/2021,10/23/2021,HR,76522,3
304,Brian,Patterson,31,Boy,8/20/2011,10/28/2023,2/10/2026,Marketing,137736,5
305,John,George,70,Decline to comment,NULL,12/2/2023,6/3/2028,Customer Service,45438,5
306,Daniel,May,33,F,12-Mar-35,4/27/2022,1/25/2024,Finance,125743,Exceeds
307,Kelly,Myers,36,N/A,23-Dec-02,11/22/2023,4/7/2027,IT,173238,Below
308,Victor,solis ,32,M,9/12/2011,4/19/2023,6/16/2025,Sales,173521,4
309,,Pope Gibson,67,Female,7-Jul-47,4/29/2021,8/22/2021,Engineering,51153,4
310,,Faulkner Holt,57,Woman,22-Sep-22,10/18/2022,2/24/2023,Customer Service,93818,3
311, Thomas,Gonzalez,25,Boy,7-Aug-34,3/5/2021,6/21/2022,HR,97771,Needs Improvement
312,Daniel,Burton,22,Woman,8-Aug-63,2/13/2020,1/22/2022,Engineering,94282,Exceeds
313,Lori,Williams,40,M,12/12/1917,9/14/2022,8/12/2024,Finance,40076,2
314,Paula,King,42,Male,6/28/1974,8/20/2021,10/17/2022,Marketing,9069,Below
315,William,Bailey,42,Decline to comment,4/19/1915,4/20/2021,10/28/2024,Sales,51430,1
316,David, adams,48,Male,16-Mar-05,3/23/2021,6/6/2023,Operations,135108,Below
317,Jerry,bradley ,53,Boy,9/2/1910,5/15/2023,5/8/2024,IT,149742,1
318, Julie,Koch,58,M,10/20/1950,10/3/2020,6/2/2021,Customer Servic,50920,3
319,Gregory, murphy,27,M,NULL,7/7/2023,11/9/2026,Sale,135903,3
320,Joe, white,51,Woman,16-Jul-75,12/13/2023,5/10/2027,HR,101002,4
321,William,Bell,32,N/A,1-Jun-92,6/4/2020,3/18/2022,HR,92233,Exceeds
322,dorothy , williams,38,N/A,1/15/1914,7/11/2023,10/1/2026,Finance,186965,Exceeds
323,Jack,Bryant,43,F,8/21/1922,4/5/2020,8/3/2021,IT,51676,3
324,Johnny,Hughes,41,Woman,8/9/1927,2/25/2022,11/1/2025,Customer Service,135838,Meets
325,,Gonzalez Hill,57,N/A,7/10/1942,6/14/2021,10/15/2023,IT,113928,1
326,crystal ,allen ,53,F,22-Mar-76,6/21/2021,11/19/2023,Sales,45015,5
327,Michael Bryce,,53,F,NULL,12/2/2023,2/11/2026,Operations,158052,Meets
328,Robert,Butler,24,N/A,17-Apr-86,6/6/2022,10/28/2025,Marketing,52517,5
329,Thomas,King,60,Girl,5/11/2023,3/11/2021,12/22/2024,IT,151302,3
330,Daniel,Mcguire,65,Girl,5-Jun-02,11/7/2021,1/24/2022,Engineering,4199,Needs Improvement
331,Michael, knox,69,Decline to comment,19-Aug-10,6/15/2023,11/10/2025,Finance,123819,1
332,Ashley,Wilson,42,N/A,NULL,7/13/2022,5/10/2025,Sales,65164,1
333,Tracy, kim,63,Decline to comment,5-Sep-19,11/29/2023,8/11/2026,Operations,110214,Below
334,Janet,Johnson,52,F,24-Jan-98,10/12/2020,6/14/2022,H,83361,Meets
335,Jasmine, baldwin,41,M,6/22/1992,7/30/2021,7/9/2023,IT,68080,4
336,Jennifer,Mcguire,30,Decline to comment,1/5/1911,4/13/2022,6/25/2023,Marketing,166560,Below
337,Matthew,Johnston,111,Male,22-May-13,7/4/2021,5/2/2022,Customer Service,104281,Exceeds
338,Anthony,Dillon,34,Woman,3-Sep-72,4/15/2023,9/10/2026,Sale,14828,4
339,Veronica,Moran,27,Girl,4/2/1937,12/17/2021,4/27/2024,IT,130085,5
340,Tyler,Bray,18,Male,1/15/1959,3/13/2020,6/13/2020,Financ,63592,3
341,John,Mullen,44,Girl,5/12/1984,7/24/2023,7/6/2025,Marketing,155120,2
342,Charles,hodges ,22,Girl,4-Mar-37,2/24/2023,10/28/2025,Marketing,176789,1
343,Christopher,Davis,45,Male,3/8/1941,7/10/2022,10/4/2024,HR,124125,2
344,,Barnes Johnson,67,F,17-Jun-81,12/4/2022,6/2/2025,Marketing,38709,Exceeds
345,Timothy,Valdez,61,Boy,NULL,7/7/2022,9/26/2025,Sales,51870,Meets
346,Kevin,Freeman,58,Woman,1-Mar-66,12/2/2023,4/23/2028,Operations,190926,1
347,Christina,Wyatt,28,Boy,28-Dec-01,11/17/2023,3/12/2026,Financ,67212,Meets
348,Victor,Pham,26,Male,2-Feb-32,1/16/2023,9/12/2025,Operations,40785,4
349,james ,Lee,63,Man,8/21/1978,9/16/2022,12/14/2025,IT,82582,Below
350,Robert,mcmahon ,25,Female,13-Apr-99,8/1/2020,10/5/2023,Engineering,125649,4
351,Kristin,Lowe,25,N/A,1-Aug-15,11/20/2022,8/8/2024,IT,72046,Needs Improvement
352,mitchell ,orr ,64,M,7/8/1948,12/2/2022,10/21/2025,Customer Service,83104,2
353,Kevin,Harrell,30,Boy,4/19/1939,6/6/2023,8/17/2025,Engineering,171199,5
354,Thomas,Smith,64,F,12-Apr-60,9/28/2021,1/5/2025,Finance,2521,3
355,Wendy,Clarke,21,Boy,1/22/1962,5/23/2021,8/19/2023,engineeringing,173084,Exceeds
356, Christopher, duran,110,F,1/1/1914,3/7/2023,11/11/2026,Sales,68491,Below
357,Jason,Reese,57,Girl,1/21/1950,1/14/2020,10/14/2023,IT,143549,Needs Improvement
358,Michael,Harris,45,Male,10/14/1920,1/6/2021,9/13/2023,Customer Service,50952,Outstanding
359,Amy,Edwards,36,F,7/9/1923,3/4/2022,6/23/2024,Engineering,32405,Meets
360,Nicholas,Garcia,57,Female,27-Oct-19,12/7/2023,11/29/2026,IT,6417,Needs Improvement
361,Vincent,Monroe,61,N/A,NULL,12/2/2023,10/25/2025,Marketing,120926,5
362, Manuel,Torres,32,Man,1-Jun-92,10/5/2021,7/5/2024,Operations,5536,Outstanding
363,Dakota,Taylor,50,Female,27-Jan-18,3/16/2023,3/24/2024,Operations,125050,Exceeds
364,Madeline,Sellers,38,M,11/11/1940,6/22/2021,5/25/2024,IT,48447,4
365,Kayla,Phillips,32,F,NULL,7/28/2022,5/9/2024,Customer Service,193284,Meets
366,Andrew,Chen,50,Boy,NULL,11/21/2023,10/22/2025,Engineering,87606,Below
367, Jonathan, tran,29,N/A,14-Aug-21,8/8/2023,8/3/2027,Finance,16497,Outstanding
368,tiffany ,Obrien,96,M,1/6/1928,5/9/2021,6/28/2023,Engineering,130692,Meets
369,Laura,Williams,26,Man,NULL,3/25/2020,4/4/2023,Finance,194325,4
370,Cole,Glover,19,F,15-Aug-31,5/21/2022,2/12/2023,IT,165978,1
371,Bryan,Lopez,61,Boy,12/12/2016,12/14/2020,8/31/2024,Engineering,33705,Needs Improvement
372, Natalie, murillo,30,Boy,5/3/2009,12/2/2023,11/19/2027,Sales,56406,3
373,James,jimenez ,52,Decline to comment,16-Dec-47,12/2/2023,10/4/2025,IT,166935,3
374,Katelyn,Cox,21,Girl,11-Dec-20,11/4/2023,5/21/2024,Operations,53993,Exceeds
375,Robert,Hill,49,Male,11-Jun-78,1/28/2020,3/3/2023,Operations,139692,Below
376,Jennifer, roberts,55,Male,3/25/2015,12/2/2023,3/16/2027,Marketing,156079,5
377,monica ,Livingston,32,Boy,6/1/1992,12/2/2023,11/6/2027,Operations,72391,Below
378,,Reilly Stephens,41,Decline to comment,6/30/1910,9/17/2023,2/7/2027,Marketing,132732,Needs Improvement
379,Dustin,Wang,30,Decline to comment,8-Sep-86,9/26/2022,8/3/2025,Engineering,55902,Meets
380,David,Howell,31,F,NULL,5/22/2023,7/24/2023,Operations,110179,Outstanding
381,Gail, valdez,24,Girl,10/1/1908,12/13/2021,3/22/2023,Marketing,134653,Outstanding
382,Sheila,Perez,19,Decline to comment,10/25/2004,8/13/2022,12/4/2025,Finance,107643,5
383,Amy,miller ,41,Boy,8-Jun-20,2/20/2022,8/22/2025,Operations,175029,2
384,Daniel, patterson,29,Girl,21-Feb-63,5/26/2022,10/16/2023,IT,69957,Needs Improvement
385,Karen,Collins,36,Woman,12-Sep-41,4/5/2022,4/25/2024,H,31216,Meets
386,Kyle, reynolds,47,Male,17-Dec-41,12/2/2023,5/9/2025,Sales,179071,Meets
387,Calvin,Jordan,44,Woman,5/10/1973,7/10/2021,5/1/2024,IT,161223,Outstanding
388,lindsay ,Thompson,56,Male,NULL,5/27/2022,9/1/2023,Operations,122265,Below
389,Debra,Mckay,67,Decline to comment,28-Dec-57,7/1/2021,11/30/2021,Sales,175230,Outstanding
390,Barbara,Henderson,39,Boy,28-Sep-85,12/8/2022,3/5/2024,Operations,92397,Meets
391,Lauren,Gardner,45,Man,12-Dec-33,3/29/2020,5/15/2021,engineeringing,9985,1
392,Jeffery,lawson ,58,N/A,21-Sep-06,9/30/2022,2/19/2026,Marketing,12738,Outstanding
393,Darren,Anthony,62,Man,7-Feb-69,10/3/2021,3/1/2024,Sales,165157,Needs Improvement
394, Jason,Barrett,24,M,NULL,12/2/2023,5/14/2024,IT,16112,1
395,Harry,Hart,18,Girl,3/4/1924,5/29/2023,1/30/2024,Operations,99676,1
396,Tanya,Gardner,18,Male,29-May-33,12/2/2023,7/16/2027,HR,40814,4
397,Gary,Hall,21,F,NULL,10/1/2020,12/3/2023,Operations,122462,2
398,Megan,Mendez,47,Decline to comment,NULL,8/26/2021,6/25/2022,IT,112965,Below
399,James,patton ,58,M,18-May-69,9/17/2022,12/27/2025,Engineering,163027,Meets
400,Breanna,Grant,59,Woman,12-Sep-99,4/17/2023,6/25/2025,Financ,156047,Below
401, Crystal,Chen,50,N/A,9/24/1962,10/25/2023,3/7/2024,IT,127796,3
402,Christopher,myers ,46,Decline to comment,18-Jul-43,3/23/2021,1/15/2023,Sales,193684,3
403,Sarah,Washington,44,Female,7/31/1932,1/19/2020,11/20/2022,HR,78886,Outstanding
404,Craig,Dudley,63,Boy,9/8/1954,5/6/2022,12/11/2024,Customer Servic,128623,1
405,Julie,Gibson,43,Girl,25-Aug-86,3/29/2020,1/29/2023,Marketing,40930,2
406,Tina,Benson,62,Girl,25-Feb-10,12/2/2023,1/31/2025,IT,185699,1
407,Robert,Allen,62,Boy,16-Apr-26,7/18/2021,5/8/2023,IT,73109,3
408,Thomas,davis ,66,Male,NULL,5/25/2023,6/5/2025,IT,132267,Meets
409,Amanda,Ruiz,53,Decline to comment,1/23/2014,12/2/2023,5/3/2027,Marketing,139173,1
410,Ricardo,Johnston,50,Woman,10/6/2006,3/11/2020,5/24/2022,Marketing,145817,Below
411,Michael,Garner,87,Male,22-Nov-37,7/20/2022,3/29/2023,IT,59518,4
412,James,Johnson,22,F,12-Jul-05,10/12/2022,9/26/2025,HR,93992,Meets
413,amanda ,Allen,62,Man,12/24/2011,12/2/2023,4/2/2027,Finance,103772,1
414,Denise Gerald,,43,Man,NULL,12/2/2023,12/29/2025,Operations,161842,1
415,Angela,lam ,39,Woman,NULL,12/2/2023,5/12/2028,Operation,109774,Exceeds
416,Gina,Bonilla,22,Woman,10/18/1916,5/27/2021,11/1/2021,Customer Service,137832,Meets
417,Tyler,Cordova,29,Boy,NULL,11/15/2021,9/24/2023,Engineering,31919,Needs Improvement
418,madison ,Roberson,58,Man,3/30/1954,1/28/2021,2/11/2024,Operation,191084,Below
419,Tiffany,Garrett,27,Boy,17-Dec-12,5/18/2022,12/10/2023,Operations,13472,3
420,,Knox Anderson,35,Man,25-Sep-95,9/27/2023,7/8/2025,HR,163150,3
421,Rebecca,Thomas,52,Female,4/13/1914,8/11/2021,7/7/2023,Customer Service,64730,4
422,Matthew,Lewis,41,Man,1/29/1989,7/5/2023,8/13/2024,IT,55115,3
423,John, johnson,43,Female,30-Dec-82,7/28/2020,6/16/2024,Operations,100040,Outstanding
424,David,Silva,52,Girl,13-Oct-19,3/2/2020,4/20/2020,Finance,35262,3
425,William,Yang,64,M,11/25/1908,12/2/2023,4/16/2025,Sales,84235,Exceeds
426,Donald,Hill,59,M,9/13/1989,5/25/2020,12/9/2023,Operations,132242,1
427,Michael,Benson,45,Decline to comment,26-Oct-23,12/6/2020,1/21/2024,Customer Service,159856,1
428,,Rodgers Curtis,51,Boy,12-Jun-99,4/11/2022,5/9/2023,Finance,151195,2
429,Jason Ryan,,19,Man,16-Dec-13,3/9/2022,6/19/2024,HR,121297,5
430,Kayla,Reese,22,F,12/15/1917,10/23/2022,7/19/2025,Engineering,121264,Exceeds
431,Kristin,Diaz,57,Boy,3/18/1954,12/2/2021,5/15/2025,IT,177049,Meets
432,Mark,Jones,23,Girl,2/16/2021,12/2/2023,9/18/2025,Operations,105387,Below
433,,Holland Brown,46,Decline to comment,NULL,4/17/2020,9/22/2020,Finance,66156,Exceeds
434,Destiny,Davis,20,Girl,NULL,5/12/2020,9/26/2020,Customer Service,95422,Outstanding
435,John,Reese,52,Boy,6/2/1941,12/2/2023,8/7/2028,Marketing,107269,3
436,Christopher,Jones,44,Man,NULL,3/12/2022,12/27/2025,Marketing,41909,3
437,Tommy,Arnold,23,N/A,5/19/1949,12/2/2023,8/23/2025,HR,12759,4
438, Linda,Johnson,28,Man,10/13/1961,4/11/2020,11/12/2020,Operation,58066,1
439,Vicki,Oneill,22,M,7/5/1912,12/2/2023,1/30/2027,Operations,137480,4
440,James,Booker,61,F,NULL,4/16/2023,2/22/2026,Sales,141049,Below
441,Stacy,Clark,43,Male,NULL,12/2/2023,6/16/2026,Customer Service,30887,2
442, Michael,Clarke,24,F,15-Jul-39,4/29/2020,5/9/2021,Operations,3057,Exceeds
443,Wanda,Scott,46,Male,NULL,9/2/2020,5/12/2024,IT,6575,Below
444,janice ,Walls,33,Male,4-Aug-16,9/26/2021,3/19/2023,Engineering,15004,Meets
445,,Vargas Carlson,56,Boy,24-Dec-20,5/5/2023,4/16/2024,Operations,58160,Exceeds
446,jasmine ,Walker,64,Woman,9/9/1983,10/31/2021,2/22/2022,HR,135386,Meets
447,,Ford Smith,37,Man,9/10/1967,7/23/2020,1/1/2021,Operations,189493,Needs Improvement
448, Shane,Simpson,33,Female,19-Mar-68,10/16/2022,4/23/2024,Sales,158719,3
449,James,Matthews,53,Girl,5/29/2018,7/26/2021,9/3/2022,Sales,56214,Outstanding
450,Joseph,Huang,19,Female,1/24/1994,10/3/2020,3/24/2024,IT,74571,3
451,Tyler,Yu,34,Decline to comment,NULL,7/23/2023,11/12/2026,Customer Service,198119,Outstanding
452,John Ashley,,68,N/A,7/21/2017,4/17/2021,8/26/2023,Finance,69947,3
453,Juan,lewis ,31,F,11-Mar-77,12/2/2023,12/22/2024,Operations,111765,Outstanding
454,Margaret,Salazar,18,Boy,4-Nov-54,11/29/2020,8/10/2024,IT,127176,5
455, Carolyn,Benjamin,23,M,2/22/2007,11/13/2021,5/23/2022,Engineering,85927,Meets
456,Shirley,Byrd,61,Woman,4/7/1964,4/27/2021,9/21/2023,H,137932,2
457,Alyssa,Cox,26,Boy,3/3/1952,7/13/2022,3/10/2023,I,55521,Needs Improvement
458,Andrew,Gardner,55,Male,8/6/1922,3/9/2020,3/20/2022,IT,148776,2
459,matthew ,Nelson,47,Woman,15-Mar-76,6/13/2022,4/23/2023,Customer Service,85807,5
460,Cassandra,Smith,44,Woman,5/20/1955,4/10/2021,3/13/2022,Engineering,137111,5
461,Paul,Adkins,59,F,NULL,5/4/2022,7/13/2024,Engineering,60854,Meets
462,Anna,Rodriguez,47,Female,4/1/2013,10/27/2020,8/2/2021,Sale,175179,Meets
463,Paul,Williams,41,Girl,25-May-48,6/15/2023,12/11/2023,HR,38363,5
464,Elizabeth,Little,60,Woman,30-Sep-39,10/29/2021,3/4/2023,Operations,158740,1
465,Natalie,Jones,59,Female,11/26/2021,6/12/2023,1/13/2024,Operation,50721,Exceeds
466,Austin,Stanley,58,Male,11/14/1912,12/2/2023,4/10/2028,Customer Service,136051,4
467,Deborah,Morton,84,M,6/24/1940,1/13/2020,10/20/2023,Finance,163985,4
468,,Lopez Jones,NULL,N/A,NULL,6/17/2020,7/26/2022,Sales,139230,Below
469,charles ,Lindsey,29,Man,6-Nov-91,1/25/2020,3/7/2022,HR,37582,Below
470,Michelle,Thompson,62,Female,3/10/1926,9/2/2022,8/22/2025,HR,71144,Below
471,Sharon,Johnson,45,Boy,NULL,8/2/2020,5/14/2022,IT,87302,Below
472,Christopher,Farrell,37,N/A,14-Aug-15,1/31/2023,10/18/2023,HR,46469,2
473,Michael Deborah,,68,Decline to comment,10/1/1953,3/21/2020,4/18/2021,Sales,13839,5
474,Sara,Harper,40,M,29-Jun-53,3/12/2023,1/4/2024,Engineering,136235,Meets
475,Deanna,martinez ,25,Girl,23-Oct-65,11/20/2021,6/21/2023,Customer Service,184360,Exceeds
476,Ronald,Clark,44,N/A,4/24/1986,8/3/2020,11/27/2023,Operations,139474,Below
477,shawn ,Williams,NULL,Decline to comment,NULL,12/12/2021,5/10/2025,Marketing,68248,5
478,Melissa,Swanson,35,Woman,30-Jun-09,5/25/2023,3/5/2027,Operations,189505,5
479,Angelica,Jones,66,Girl,3-Apr-02,8/29/2022,1/27/2023,Finance,118853,4
480,Craig,Ochoa,21,F,27-May-86,8/29/2020,10/30/2020,HR,96653,3
481, Angela,Cross,24,Man,27-Oct-07,10/6/2020,9/2/2022,Sales,149326,Meets
482,Walter,Reed,48,N/A,NULL,5/11/2021,11/5/2022,Customer Service,73481,5
483,Anthony,Robinson,43,M,3/28/1995,1/2/2022,5/22/2022,Customer Service,156135,Meets
484,jacqueline ,brown ,24,M,9/20/1978,1/26/2023,12/5/2024,Operations,73022,Outstanding
485, Melissa,Oneill,47,Woman,5/23/1964,11/29/2023,11/13/2026,I,144212,2
486,Tiffany,James,42,N/A,4/19/1979,5/6/2020,7/30/2022,Engineering,38816,5
487,Hannah, kramer,48,M,12/4/1908,8/10/2020,8/29/2023,IT,155247,Outstanding
488,Yvonne,barber ,33,Woman,2-Dec-58,3/22/2021,1/9/2024,Marketing,115343,3
489,Jerry,Jenkins,56,Male,27-Sep-45,12/20/2023,2/14/2026,Finance,157029,3
490,Valerie,cowan ,111,Woman,7/3/1913,7/11/2022,1/1/2024,Customer Service,162189,5
491, Lindsey, ferrell,27,Woman,4-Jun-02,12/24/2021,8/15/2023,Operation,97976,Meets
492,Corey,Lopez,81,Boy,11-Oct-43,2/18/2020,7/7/2023,H,8880,Outstanding
493,Nancy,dominguez ,67,F,10-Oct-27,4/19/2022,10/13/2024,Marketing,11606,2
494,Patrick,Salazar,70,M,1/11/2022,8/4/2021,5/29/2022,IT,183081,5
495,Robert,Martin,42,Boy,4/7/2024,12/2/2023,11/14/2024,Finance,60918,2
496,Evan,Burnett,21,Girl,9/13/1945,1/1/2024,2/10/2027,HR,167725,3
497,Michael,Williams,44,Boy,1/28/1915,8/30/2020,9/26/2023,Marketing,156569,4
498,matthew ,thomas ,66,Boy,7-Mar-22,10/18/2021,2/3/2022,Sales,149943,Needs Improvement
499,Sergio,Beck,31,Female,NULL,12/20/2023,11/2/2026,HR,157417,Below
500,James,Andersen,46,Boy,20-Aug-78,5/4/2021,7/13/2024,Marketing,171914,Below
501,Kathy,Johnson,32,Female,9/23/2014,8/6/2023,11/13/2024,I,145448,5
502,Robert,Griffin,48,Woman,NULL,3/16/2021,7/2/2023,Finance,53795,1
503,Manuel,Johnson,67,M,28-Jan-18,5/4/2021,12/14/2023,HR,194293,3
504,Shelby,king ,53,Man,17-Aug-44,12/2/2023,11/23/2025,Finance,69912,4
505,Kara,Hendricks,38,F,4/16/1959,12/2/2023,12/15/2025,Customer Service,131427,4
506,Carlos, martin,30,Decline to comment,3/2/1963,12/2/2023,8/22/2027,Sales,192887,4
507,Alexander,Jacobs,47,Boy,12/23/1991,3/19/2020,8/22/2022,Engineering,68617,2
508,Robert Daniel,,35,Woman,7-Jun-47,6/18/2022,6/22/2023,Finance,12071,Meets
509,Allison,Donovan,44,M,3/25/1953,11/24/2020,1/30/2021,Customer Service,60060,Below
510,Shari,Sanchez,70,Man,14-Nov-78,7/25/2021,7/18/2022,Finance,41698,Meets
511,Robert,shields ,29,F,11/30/1988,2/4/2020,11/30/2020,Finance,58589,Needs Improvement
512,samantha , payne,58,Girl,8/2/1970,3/12/2021,4/14/2021,HR,39306,Below
513,Laura,Taylor,28,M,5/29/1974,9/22/2021,3/26/2024,HR,84757,5
514,Elizabeth,Rowland,56,Woman,16-Aug-71,12/2/2023,11/14/2027,IT,125042,4
515,John,Rodriguez,32,Woman,6/1/1992,9/19/2023,1/26/2026,Engineering,99403,1
516,Courtney,Wright,22,N/A,9/16/2016,2/24/2020,6/24/2020,HR,113530,Meets
517,Emily,Gonzalez,30,Boy,19-Feb-30,3/5/2023,4/1/2024,Marketing,198840,1
518,Michael,Calderon,32,Woman,1/27/2011,12/2/2023,11/5/2028,Finance,154093,3
519,,Mack Hall,66,F,11/10/1980,1/26/2022,6/27/2025,Operations,120725,2
520,Sarah,Porter,28,Boy,4/17/1943,6/2/2020,1/19/2024,Finance,161207,4
521,bradley , smith,20,Decline to comment,5-Jan-00,10/28/2020,3/16/2024,HR,37658,Meets
522,Anthony,Armstrong,22,Male,12-Jan-89,12/2/2023,2/17/2025,Sales,94302,Below
523,James,Moore,33,Woman,5/4/1987,3/19/2022,5/8/2022,Finance,60744,3
524,douglas ,Li,40,Boy,5/29/1961,2/8/2022,2/24/2023,Finance,125629,5
525,Jon,Pearson,38,M,19-Dec-63,2/20/2021,6/10/2021,IT,33656,Exceeds
526,,Stark Pitts,103,Man,21-Jan-21,7/26/2023,5/10/2027,IT,2656,Exceeds
527,jason ,Newman,40,Girl,4/10/2014,12/2/2023,10/15/2025,Engineering,145109,Exceeds
528, Lee,Peck,18,F,3/29/1937,11/16/2020,5/8/2023,Customer Service,193440,3
529,Justin,Castro,107,Woman,30-Nov-17,7/8/2021,10/31/2022,Marketing,140756,2
530,,Jenkins Vaughn,22,Girl,10/18/1908,12/2/2023,1/7/2028,Sales,181148,2
531,robert ,Gallagher,47,Female,4-Sep-11,12/2/2023,4/27/2025,HR,45632,1
532,Joan,Moore,28,N/A,19-Sep-58,12/25/2022,2/25/2025,Finance,4935,Meets
533,megan ,Mayo,44,Boy,14-May-20,12/2/2023,9/18/2026,Customer Service,168064,2
534,Michael,colon ,60,Female,NULL,9/15/2020,3/2/2021,Engineering,6876,1
535,david ,Carlson,33,Man,22-Feb-85,9/9/2023,10/13/2025,Operations,165237,2
536,Melissa,Noble,70,Female,2/10/2016,1/31/2023,7/17/2026,HR,174889,3
537,Scott,Smith,NULL,Man,NULL,7/11/2020,3/4/2023,HR,176518,1
538,Kevin,reeves ,32,Woman,5-Feb-87,2/3/2021,10/16/2023,Finance,150995,1
539,Susan,Johnson,53,N/A,10/22/2014,9/14/2021,10/15/2021,IT,10995,1
540,Emma,Sullivan,96,Woman,3/3/1928,5/28/2022,3/22/2026,Operation,36720,3
541,Mark,Bass,50,Woman,28-Jan-81,3/8/2023,4/30/2023,Engineering,45418,Needs Improvement
542,Tracy,Sanchez,66,M,17-Mar-19,4/11/2023,8/14/2025,IT,5597,2
543, Theresa, smith,40,Male,8/24/2015,12/12/2022,3/1/2025,Sales,70035,2
544,Shari,Gilbert,29,Boy,4/16/1998,12/2/2023,9/2/2026,Financ,12254,1
545,Roy,Payne,52,Decline to comment,19-Sep-71,3/19/2023,3/6/2025,Marketing,173434,Outstanding
546, Tina,Green,46,Girl,16-Oct-78,3/18/2020,11/3/2022,Engineering,166151,Meets
547,Brooke,Donaldson,30,Man,11/23/1964,12/13/2022,10/22/2025,Operations,199233,Meets
548,Amy Joe,,70,F,5/3/1997,12/2/2023,4/4/2026,Marketing,39072,1
549,Robert,pace ,48,Girl,13-Nov-42,8/23/2021,1/26/2024,Operations,186723,Meets
550,Kenneth, green,101,N/A,5/26/1923,3/20/2021,7/26/2023,Operations,44099,Meets
551,Andre,Rush,76,Boy,11/25/1948,6/13/2020,1/3/2023,Finance,115084,Needs Improvement
552,lauren ,Fuentes,28,Boy,29-Apr-80,12/29/2022,9/8/2024,IT,57517,Exceeds
553,Tammy, blackwell,69,F,2/20/1942,12/2/2023,12/25/2025,Engineering,166098,Meets
554,John,Butler,32,M,1-Jun-92,1/17/2020,1/10/2023,Finance,99352,Below
555,Billy,gonzalez ,70,Male,12/1/1945,12/29/2020,12/25/2022,Operations,150790,Meets
556,Matthew,Durham,54,Decline to comment,10-Nov-60,5/21/2022,3/28/2023,HR,137827,Needs Improvement
557,Francisco,Williamson,56,F,8-Aug-33,7/20/2021,3/1/2025,IT,106359,3
558,Jill,Compton,103,Boy,10/17/1921,12/2/2023,8/4/2027,HR,123606,Needs Improvement
559,Jason,Serrano,45,Male,9/16/1922,10/1/2022,10/9/2023,Sales,154009,Outstanding
560,Amy,Hartman,19,N/A,23-Apr-24,4/25/2022,4/1/2026,Sales,67737,Needs Improvement
561,Thomas,Hays,36,Female,8/4/2007,4/26/2022,11/26/2024,IT,15403,Meets
562,Kevin,Hernandez,53,Girl,6/27/1925,8/1/2021,11/8/2023,Marketing,121912,5
563,Courtney,Parker,34,Girl,19-Aug-48,10/30/2020,5/8/2022,Marketing,194436,Outstanding
564,Erica,Harris,57,F,2/10/1928,4/17/2022,5/23/2023,Finance,57242,4
565,Brittney,White,47,M,NULL,12/2/2023,3/9/2024,HR,150642,Below
566,Dalton,Jimenez,53,Male,3-Jun-35,6/30/2023,12/30/2026,Customer Service,103021,1
567, Cheryl,Lee,53,Boy,16-Jul-80,6/27/2021,2/2/2025,IT,56479,2
568,Alyssa,Lopez,60,F,12-Oct-40,10/5/2021,10/27/2024,Sales,6051,3
569,Barbara,Wagner,38,Girl,6/27/1974,10/23/2020,1/24/2024,HR,59186,3
570,,Brown Washington,18,N/A,2/1/1969,12/2/2023,3/7/2027,Finance,54687,5
571,christopher , stuart,28,Female,10/29/1910,11/17/2023,3/4/2027,HR,72209,Outstanding
572,Cheryl,Bowman,55,F,21-Aug-69,12/11/2021,5/25/2023,Customer Service,170650,1
573,Erin,Berg,58,F,3/26/2000,6/8/2021,10/27/2021,Engineering,105296,2
574,Kelsey,Hanson,64,F,10-Jun-69,12/2/2023,10/9/2027,Sales,57597,5
575,Miranda,Gaines,42,Man,11-Jan-20,2/12/2022,3/14/2025,Customer Service,30398,Needs Improvement
576,Diana,Cain,68,Boy,17-Jan-55,3/12/2023,2/10/2025,Sales,82030,Below
577,Michelle,Kim,53,N/A,1/29/1980,3/20/2021,6/15/2022,Sales,188277,Below
578,Adam,hamilton ,55,M,3/31/1969,12/2/2023,11/4/2027,Operations,165328,Exceeds
579,Brian,Young,44,Girl,4/27/2017,10/18/2022,6/14/2026,Sales,109057,4
580,Dawn,norton ,58,Girl,NULL,8/15/2021,6/7/2025,Customer Service,106943,4
581, David,Henderson,20,F,NULL,12/2/2023,7/3/2025,IT,91547,Outstanding
582,Mark,Smith,69,M,16-Mar-28,4/28/2022,1/8/2024,Customer Service,133808,Needs Improvement
583,Timothy,williams ,49,N/A,NULL,1/27/2023,4/20/2025,HR,128090,4
584,Matthew,Rodriguez,66,Woman,4/28/1921,7/22/2022,6/28/2026,Customer Service,192545,5
585,Micheal, robinson,47,M,NULL,5/7/2020,9/24/2021,Finance,116567,Below
586,Jessica,melton ,58,M,NULL,6/3/2020,3/25/2023,Finance,38066,5
587, Susan,huber ,41,Male,5/24/1995,12/26/2021,2/15/2023,Customer Service,102836,1
588,Michael,Cruz,27,Boy,16-Sep-08,2/28/2020,10/23/2022,IT,84365,Outstanding
589,Kevin,Ayala,23,Decline to comment,4-Jun-12,12/4/2021,8/18/2025,Finance,143909,2
590,Rachel,Barnes,43,N/A,5/31/1989,7/30/2023,4/9/2025,Finance,55079,Meets
591, Ricky,Rodriguez,51,Woman,19-Feb-11,12/2/2023,12/23/2024,Engineering,2598,Meets
592, Joseph,Torres,27,Woman,31-Mar-20,5/25/2021,8/1/2023,Customer Service,139063,3
593,Justin, willis,51,Girl,10/14/2010,12/2/2023,6/17/2025,Operations,127531,Exceeds
594,Matthew,Smith,55,Girl,9-Dec-95,9/16/2023,6/24/2024,Operation,52300,5
595,Douglas,Cole,50,Girl,1-Jan-35,4/9/2020,11/27/2023,Finance,89167,Exceeds
596,Greg, ellis,68,Decline to comment,11/7/1980,5/22/2023,2/7/2025,Operations,188345,Exceeds
597,Jacob,Lee,28,Decline to comment,2-Jul-33,12/2/2023,4/1/2026,Marketing,11558,1
598,Laurie,mcconnell ,67,Woman,6/23/1975,7/7/2022,5/1/2023,Customer Service,33536,2
599,Joshua,Thomas,52,F,8/16/1972,12/2/2023,6/26/2025,HR,124372,1
600,sherry , jones,33,Girl,8/16/1985,12/14/2023,5/28/2024,Engineering,137220,Below
601,Jessica Steven,,32,Woman,4/12/2024,8/24/2022,10/18/2023,Operations,54769,4
602,Jennifer,Oconnell,66,F,9-Mar-14,9/19/2022,3/23/2025,Finance,58004,1
603,Kevin,Cole,65,F,NULL,12/2/2023,6/11/2028,Customer Service,119594,Exceeds
604,Jeffrey, horton,53,F,5-May-39,4/30/2020,9/21/2023,Marketing,158129,1
605,cynthia ,Gardner,53,N/A,11-Nov-78,3/13/2020,7/7/2023,Operations,126197,4
606,,Davis Parker,46,M,22-Jul-82,12/2/2023,4/6/2025,Engineering,42111,5
607,Mary,Carter,18,Boy,5/19/2014,10/24/2023,10/21/2026,Sale,129734,1
608,Cynthia,Sanders,45,Decline to comment,8-Jul-08,12/2/2023,5/8/2028,Sales,99579,Below
609,Terri,Snyder,46,Woman,5/15/2005,4/12/2020,5/21/2022,Customer Service,42935,Outstanding
610,Rebecca Haley,,35,N/A,29-Dec-19,10/1/2021,5/10/2025,HR,180262,4
611,Rhonda, olson,18,Decline to comment,5/7/2022,12/2/2023,1/31/2025,Customer Servic,74153,Outstanding
612,Kenneth,Pitts,85,Decline to comment,17-Sep-39,8/15/2023,9/22/2025,IT,4676,Meets
613,Christopher,lutz ,68,Decline to comment,5-Dec-43,9/5/2021,5/31/2024,IT,166731,Outstanding
614,Steven,Buchanan,37,Man,15-Oct-55,12/2/2023,1/30/2028,HR,159148,Below
615,Shawn, nelson,58,F,11/28/1966,12/2/2023,7/16/2027,HR,172234,3
616,Dennis,Castillo,43,Decline to comment,1/1/1962,4/27/2020,12/18/2021,Sales,99901,5
617,jennifer ,Burnett,65,Boy,24-Feb-59,12/2/2023,3/9/2025,Engineering,88777,3
618, Michael,Haney,63,N/A,19-Apr-22,8/29/2021,4/25/2023,Operations,106662,5
619,Tracy, ritter,37,Female,22-Nov-11,8/24/2020,1/11/2022,H,147175,Exceeds
620,Marissa,Downs,47,F,1/8/2023,11/5/2020,2/12/2023,Engineering,73024,Outstanding
621,Anna,Horton,50,Male,10-Nov-84,7/7/2021,1/28/2025,Customer Service,172561,Outstanding
622,Kenneth,Smith,44,M,5/23/1959,4/2/2020,5/16/2021,Sales,124217,Outstanding
623,Sabrina, bennett,47,Male,NULL,8/12/2021,11/26/2024,HR,99023,Needs Improvement
624,James,Beard,54,Male,19-Sep-70,10/27/2022,9/3/2025,Marketing,90361,Below
625,Stephanie, carroll,NULL,Decline to comment,NULL,12/2/2023,6/24/2025,Finance,149487,Outstanding
626,donald ,Johnson,18,Man,4-Sep-18,4/29/2020,5/30/2020,IT,93125,1
627,Zachary,Wood,40,M,2-Mar-19,2/28/2021,4/6/2021,Engineering,169852,5
628,Nicolas,Garcia,18,Decline to comment,7/20/2012,12/2/2023,3/6/2026,Sale,4019,Meets
629,David,Oliver,51,Decline to comment,6/3/1923,10/25/2023,2/16/2027,Marketing,141624,2
630,Heather,Davis,23,Girl,NULL,5/13/2023,2/28/2026,HR,74468,3
631,Bruce,Perkins,46,Female,11/26/1976,12/2/2023,12/18/2027,Engineering,47635,4
632,amanda ,Flores,51,Decline to comment,NULL,6/5/2021,12/17/2022,Sales,143291,1
633,Madison,Pearson,68,M,NULL,7/7/2023,9/3/2023,Sales,173165,Exceeds
634,Joshua,Hodge,84,Woman,18-Aug-40,8/26/2020,8/13/2024,Sales,180410,1
635,Kimberly,Cooper,61,N/A,NULL,6/4/2020,10/8/2023,Operations,167350,Meets
636,Keith,Gonzalez,24,M,8/18/1910,5/27/2023,10/16/2026,I,88485,Meets
637,Emily,Vargas,37,Girl,14-Jul-95,12/10/2022,10/23/2025,Marketing,101161,4
638,Aaron,Moore,58,Decline to comment,10/13/1923,2/22/2021,1/26/2022,Sale,100852,Exceeds
639,Benjamin,Turner,37,F,25-Mar-68,6/21/2022,11/5/2025,Finance,103265,5
640,April,Villanueva,29,Decline to comment,28-Dec-07,10/20/2020,2/25/2024,Engineering,195594,Meets
641, William,Davis,37,Female,9/26/1954,12/2/2023,4/19/2026,IT,3620,Outstanding
642,Jose,Woods,70,Girl,NULL,12/2/2023,4/28/2027,IT,10342,Meets
643, Darren,Woods,75,Girl,4/14/1949,12/2/2023,11/7/2024,Marketing,131531,2
644,Jennifer,Conrad,37,Male,26-May-31,2/9/2023,10/2/2024,Engineering,197990,Exceeds
645,Alexandra,Green,44,Man,12-Jan-11,5/19/2022,3/31/2026,Finance,133963,5
646,Dawn,Nichols,22,Girl,30-Mar-56,7/27/2023,12/7/2024,IT,139339,4
647,William,Howard,49,Boy,NULL,9/13/2020,5/30/2021,IT,54570,1
648,Calvin,Jones,21,M,8/7/1994,12/2/2023,12/31/2027,Customer Service,47159,Outstanding
649,Madeline, bender,69,Boy,12-Sep-49,8/2/2020,3/25/2024,Sales,163622,Exceeds
650,Debra,Burke,20,Boy,8/5/2015,6/2/2022,1/24/2024,IT,46302,3
651,John,Baker,42,Man,27-Nov-16,8/3/2022,6/9/2024,Operations,120883,5
652, David,Anderson,48,Female,24-Mar-38,12/2/2023,2/28/2025,Customer Service,157052,Exceeds
653,Zachary,Willis,65,Decline to comment,4/13/2014,4/15/2022,10/24/2025,Marketing,41837,2
654,David,Thomas,49,Boy,3/11/1944,1/6/2021,12/23/2023,Marketing,99251,Below
655,Stephanie,mcdonald ,32,Male,1-Jun-76,12/2/2023,12/13/2026,HR,98384,Outstanding
656,margaret ,Branch,79,M,28-Jun-45,6/17/2021,8/1/2021,Customer Service,156866,Exceeds
657,Peter,Mccarty,23,Man,NULL,9/13/2023,8/10/2024,Customer Service,5281,4
658,Timothy,Patel,42,M,7/9/1911,10/3/2021,1/10/2022,Sale,184469,4
659,,Smith Thompson,33,Boy,6/26/1969,12/2/2023,8/18/2026,IT,63082,2
660,Briana,Larson,68,Woman,4-Oct-34,2/25/2023,9/30/2023,engineeringing,141147,2
661,Sheryl,Mccoy,45,Female,27-Aug-60,12/2/2023,12/3/2027,Marketing,101160,5
662,Michael,Hebert,70,Female,17-Feb-63,9/22/2022,2/24/2026,HR,166021,Meets
663,Richard,gay ,49,Woman,10/17/1928,9/10/2020,11/18/2021,Engineering,133795,Exceeds
664,David,Walsh,27,Woman,3/20/1969,12/2/2023,3/26/2026,Engineering,98729,Below
665,Matthew,Lam,32,N/A,4/7/1983,3/30/2020,9/14/2021,Finance,146814,3
666,Daniel,Boyle,63,Woman,8/21/1942,10/26/2023,8/26/2027,Operations,193886,Needs Improvement
667,Maria,Watson,58,F,24-Mar-91,12/2/2023,12/7/2025,Engineering,189724,Exceeds
668,Amy, white,64,Woman,6-Nov-06,3/22/2020,1/29/2022,Finance,98081,Meets
669,Mark,hall ,64,F,6-Mar-10,2/11/2023,5/25/2025,Operations,73673,Needs Improvement
670,Angela, carter,33,Female,23-Jan-40,7/21/2020,3/27/2023,Sales,13191,Exceeds
671,,Silva Black,38,F,6/30/1944,12/30/2022,6/20/2026,Financ,86701,2
672,Brett,Casey,30,M,9/27/1979,6/12/2022,5/31/2026,Sales,15308,2
673,David,Christensen,28,Man,7/8/1909,1/22/2022,11/17/2025,HR,31411,3
674,Sandra, kane,43,N/A,18-Jul-10,8/9/2020,2/9/2021,Finance,189902,Meets
675,Debra,Mitchell,20,Female,8/23/1946,8/16/2022,10/13/2022,Finance,7834,2
676, Larry,Braun,42,F,12/23/1951,12/2/2023,8/8/2026,Engineering,150117,3
677,Alexis,Patterson,37,Woman,1/27/1911,8/17/2023,2/11/2027,Engineering,161713,Exceeds
678,Janet,Romero,21,Girl,5-Dec-27,11/9/2021,3/14/2023,Sales,180932,5
679,,Anderson Patton,60,F,8/24/1909,4/20/2022,10/23/2025,Engineering,196751,1
680,Gabriel,Rojas,34,Boy,10/22/1948,12/2/2023,2/19/2027,Engineering,158137,5
681,Matthew,Wolf,56,F,7-Apr-44,5/29/2021,12/15/2021,Engineering,114511,Exceeds
682,william ,Obrien,22,Woman,2/1/1943,2/23/2022,1/3/2023,Operations,63208,Exceeds
683,Kelsey,Martin,48,Woman,28-Mar-16,11/25/2023,8/14/2025,Marketing,157133,3
684,Jennifer,Gonzalez,33,M,2/17/1915,6/8/2022,6/30/2023,Marketing,41130,Below
685,Natalie,walker ,69,Girl,3/25/1955,12/2/2023,6/21/2026,Sales,123026,3
686,Lisa,Bradford,32,Decline to comment,26-Sep-20,12/2/2023,9/11/2025,Sales,88053,1
687,Brian,Rowe,65,M,NULL,12/2/2023,3/15/2028,Sales,144431,Meets
688,Brian,mason ,56,Woman,4/7/2012,12/2/2023,8/30/2027,I,39303,5
689,Shirley,Bishop,30,Girl,1/4/2001,5/28/2023,3/26/2025,Finance,31085,Meets
690,Robert, morrison,41,Girl,NULL,12/10/2021,7/23/2022,Marketing,131925,2
691,Joshua,Miller,29,Boy,2/14/1995,1/19/2023,4/21/2024,Marketing,47289,3
692, Brian,Chavez,64,N/A,12/23/1972,3/24/2020,3/4/2024,HR,168379,Outstanding
693,Daniel,Sanchez,54,Decline to comment,17-Jul-87,9/7/2022,2/1/2025,Engineering,116367,1
694,Jennifer, wolfe,25,Woman,12/28/2004,12/2/2023,11/17/2024,HR,150776,Exceeds
695,dana ,Black,55,Female,NULL,6/2/2021,5/9/2023,HR,6603,5
696,Stacy,Fuller,56,Female,3/4/1910,8/15/2021,2/16/2022,HR,104355,Meets
697,Tina,Melton,26,Female,3/30/1939,2/13/2023,9/29/2026,Sales,76011,Exceeds
698,john ,Young,49,F,29-Nov-98,4/29/2023,8/8/2023,IT,145591,1
699,Connie,Morgan,NULL,Girl,NULL,4/14/2023,4/12/2024,Customer Servic,102410,Below
700,Cynthia,Singh,54,Boy,19-Mar-13,1/21/2022,10/18/2025,Customer Service,9714,Meets
701,Allison,Johnson,48,Boy,8/12/2022,12/2/2023,3/19/2024,HR,142470,Outstanding
702,Marcus,miller ,31,M,25-Sep-08,12/2/2023,7/1/2025,Customer Service,74763,1
703, Matthew,Burke,41,F,6/4/1975,2/2/2023,8/22/2026,IT,129134,Outstanding
704,Kenneth, thomas,55,Female,16-May-92,6/17/2021,12/4/2022,HR,113724,5
705,Sharon,Foster,54,N/A,13-Apr-69,7/25/2021,1/5/2024,Engineering,184312,5
706,Nicole,Smith,25,Male,NULL,4/30/2020,5/5/2022,HR,157993,2
707,Brittany,White,59,M,28-Jan-56,3/17/2021,9/27/2021,Customer Service,59836,4
708,Taylor,Flores,64,M,17-Jul-71,11/7/2023,11/6/2026,Sales,138638,Exceeds
709,James,Martinez,45,Male,16-May-23,4/13/2023,11/22/2024,Customer Service,91898,2
710, Jason,Campbell,51,Male,17-Aug-20,2/3/2021,4/10/2023,Marketing,11684,Exceeds
711,Lauren,Rivera,55,Male,9/30/1943,3/27/2021,6/28/2023,IT,39356,2
712,Erica,Weber,35,Girl,23-Dec-18,12/2/2023,8/5/2028,Finance,36183,1
713,David Brittney,,63,F,NULL,11/5/2021,1/31/2024,Operations,30361,5
714,,Nielsen Jackson,58,N/A,1/4/1966,5/22/2022,1/25/2026,Operations,102081,5
715,Janice,York,44,Woman,6/22/1927,3/2/2023,12/25/2026,Sales,5406,2
716,Michael, ramos,56,Woman,NULL,7/1/2022,10/7/2023,Engineering,123607,Needs Improvement
717,Michael,Clayton,63,Woman,2/25/2002,12/31/2021,12/15/2023,Sales,179618,2
718,Jason,Vasquez,25,Boy,6/30/1976,3/21/2020,11/15/2023,Finance,53779,Outstanding
719,Steven Jay,,25,Female,11/22/1999,2/19/2022,2/24/2024,HR,107964,Outstanding
720, Brittany, becker,67,Female,11/10/1998,6/25/2023,5/2/2027,Marketing,80014,Exceeds
721,Marco,Webb,24,Boy,3/31/1919,2/15/2023,1/21/2027,Marketing,107065,5
722,Gregory,Huerta,37,Woman,2/3/1950,7/27/2020,7/6/2024,Marketing,185717,Needs Improvement
723,Brittany,Hart,20,F,1/18/2005,12/2/2023,7/18/2027,IT,166311,3
724,Gerald,Benitez,52,Female,12/23/1991,4/19/2022,5/18/2025,Engineering,181380,1
725, Jennifer, garza,46,F,8-Mar-00,10/7/2020,4/20/2021,Customer Service,30333,Meets
726,Jessica,Sanders,63,Man,6/29/2013,8/16/2021,9/13/2023,Operations,92209,Outstanding
727,Jennifer,Edwards,18,Decline to comment,5/18/1990,4/16/2020,11/1/2021,Engineering,83613,Meets
728,Angela, berry,24,M,6/20/2011,12/2/2023,8/28/2025,Sales,198189,3
729,Rebecca,Waters,51,Woman,14-Dec-14,8/5/2023,10/6/2026,Sales,165087,3
730,blake ,Gonzalez,66,Man,20-Feb-96,12/2/2023,1/11/2026,Customer Service,72833,2
731,Cameron,Hernandez,52,Male,3/26/2005,4/28/2020,3/3/2021,Engineering,13130,3
732,Tracie,Davis,51,Boy,3-Apr-06,12/2/2023,12/11/2025,Marketing,177650,2
733, David,Horne,29,N/A,2/13/2007,12/2/2023,10/21/2027,Operations,112533,2
734,Patricia, hicks,48,F,15-May-73,7/26/2020,3/16/2021,Financ,156720,Meets
735,,Payne Bennett,63,N/A,18-Oct-80,1/27/2020,10/2/2020,Operations,170622,2
736,Erin William,,43,N/A,1/14/1920,9/20/2021,8/15/2024,Marketing,174201,4
737,Beverly,Kerr,24,Man,11-Apr-87,7/25/2020,8/30/2022,Sales,96590,Meets
738,Roger,Greene,57,M,16-Mar-07,12/2/2023,10/27/2024,H,139330,2
739,Meredith,parker ,21,Male,23-Aug-38,2/28/2023,3/12/2025,Marketing,97758,Outstanding
740,Steven,Graves,19,Decline to comment,7-Dec-12,3/25/2020,9/14/2022,Engineering,179957,Exceeds
741,,Wolf Miller,57,F,9-Aug-50,12/21/2022,3/17/2026,Customer Service,171676,Exceeds
742,Jeremy,Duran,19,Woman,31-Dec-43,6/13/2020,12/16/2021,Customer Service,144490,2
743,Brian,Allen,56,F,2-Jul-13,3/22/2022,5/18/2024,Customer Service,86951,Needs Improvement
744,Carol,Harris,47,N/A,15-Sep-61,2/16/2022,1/29/2023,Operations,183174,2
745,David,Wyatt,35,N/A,28-Jan-60,8/14/2022,5/20/2026,Customer Service,39954,4
746,Angela,Murphy,67,Boy,15-Mar-67,2/23/2021,6/11/2022,IT,85202,4
747,Brittany,Jennings,29,Male,11/27/1977,12/7/2022,11/11/2023,IT,56865,3
748,Anthony, flores,74,F,12-Aug-50,12/2/2023,8/20/2028,Engineering,126834,2
749,Curtis,Yu,30,Male,3/6/1922,12/22/2021,3/21/2024,Finance,41357,Needs Improvement
750,William,Smith,67,Male,6/25/1979,1/5/2021,6/2/2021,Operations,132723,Needs Improvement
751,Mallory,Rice,60,F,5/28/1959,6/21/2021,7/12/2023,I,7358,Outstanding
752,Jeffery,Durham,32,Female,6/1/1992,2/23/2020,7/5/2023,marketinging,33991,Exceeds
753,Sarah,Gonzalez,NULL,Decline to comment,NULL,12/2/2023,5/6/2026,IT,169440,5
754,,Johnson Boyd,46,Boy,10/23/1951,10/20/2020,10/13/2023,Operations,156760,1
755,Eric, peterson,52,Woman,17-Dec-57,10/14/2020,8/16/2023,Sale,126391,Outstanding
756,christine ,Ward,70,Man,5/31/1987,9/19/2023,12/16/2026,Marketing,176005,Outstanding
757,Joanne,Carter,29,Woman,NULL,12/4/2023,11/1/2027,Operations,64089,2
758,Jocelyn, brown,58,Decline to comment,5-Jan-91,1/12/2021,4/7/2022,Marketing,179781,4
759,Michael,Jordan,25,Man,2/19/1910,11/13/2020,10/24/2021,Marketing,105002,1
760, Steven,Skinner,52,M,12/10/2010,6/20/2023,2/23/2025,Marketing,53906,3
761,Eduardo,Wu,25,N/A,23-Jun-80,10/8/2020,3/5/2021,HR,7122,Needs Improvement
762,Leslie,Castro,20,N/A,7-Nov-38,1/7/2022,6/12/2023,Finance,140375,Below
763,Robin,Douglas,24,Boy,31-Aug-08,7/8/2023,4/17/2025,IT,130297,Needs Improvement
764,Kathryn,Davis,69,Male,10/20/1915,10/7/2020,7/18/2022,Sales,45923,Exceeds
765,Wayne,Martin,50,Decline to comment,13-Jul-87,1/31/2023,6/27/2024,Engineering,9444,5
766,April,Smith,59,N/A,26-Oct-31,7/29/2020,7/18/2024,Marketing,180569,2
767,lisa ,Alvarado,41,N/A,31-Jul-67,12/2/2023,7/11/2025,marketinging,86201,Below
768,Julie,Higgins,NULL,Decline to comment,NULL,1/17/2023,9/28/2023,Finance,166412,Exceeds
769,Billy,richard ,47,Girl,11-Jan-34,12/18/2023,10/23/2027,HR,46000,4
770,Arthur,Bryant,35,Man,5-Nov-60,9/14/2020,4/15/2022,I,107516,Below
771,,Shaw Yates,58,M,12/15/1949,10/15/2022,11/17/2022,Financ,138609,3
772,Andrew,Fischer,22,Female,5/20/1984,4/24/2022,1/8/2025,engineeringing,173762,Exceeds
773,Trevor,Ballard,91,Girl,13-Dec-33,12/2/2023,5/27/2024,Sales,11799,1
774,Amanda,Hopkins,68,Female,2-Sep-62,2/19/2023,6/3/2025,Sales,40012,3
775,Bradley, reyes,58,F,12/25/1966,7/10/2020,9/22/2020,Sales,35616,Below
776,Lisa,Case,44,N/A,3/8/1933,8/13/2023,12/5/2025,Marketing,178295,3
777,Scott Dawn,,66,Decline to comment,18-Jan-47,6/17/2023,9/27/2025,Finance,160136,1
778,Laura,Cooper,45,Male,19-Sep-35,10/17/2020,2/26/2023,Sales,135924,Outstanding
779,Wendy,Gilbert,45,Male,15-Jan-97,6/16/2020,3/23/2023,Financ,110634,Needs Improvement
780,Christopher,Hill,23,Male,15-Oct-35,9/10/2021,2/16/2022,IT,2920,3
781,Kristen,Harrison,30,F,NULL,1/30/2020,8/4/2020,Engineering,72265,4
782,Christine,Shelton,32,Woman,3/20/1936,1/30/2021,4/2/2021,Engineering,175077,Meets
783,Cynthia Suzanne,,33,M,3/7/2011,5/4/2023,10/15/2024,IT,64158,Needs Improvement
784,Valerie,Keith,45,Man,25-Mar-24,2/5/2021,4/10/2022,Operations,134045,Exceeds
785,Peter,Dennis,58,Male,11/22/1952,12/2/2023,2/13/2026,Customer Service,56992,4
786,Jose,Gentry,27,M,18-Oct-63,10/26/2023,8/23/2025,Operations,92439,Needs Improvement
787, Tina,Hale,65,N/A,28-Aug-13,9/29/2022,5/15/2026,Engineering,9890,Outstanding
788,Christopher,Holt,33,Woman,NULL,12/2/2023,12/9/2026,HR,183747,2
789,Lacey,Stout,53,Boy,11/16/2000,4/15/2020,2/15/2023,HR,8320,Needs Improvement
790,ronnie ,Anderson,48,N/A,29-Jan-60,2/4/2022,2/8/2025,Finance,56305,Meets
791,Adam,George,61,Girl,6/16/1993,8/3/2020,10/4/2023,Operations,139913,4
792,Amy,Williams,39,Male,NULL,12/28/2020,6/20/2023,Finance,96734,Outstanding
793,Amy,Johnson,24,N/A,6-Oct-26,5/11/2020,12/11/2020,Finance,61735,4
794,Cynthia Jason,,28,N/A,5/8/1975,12/2/2023,6/15/2025,Engineering,13035,Below
795,Shannon, cross,NULL,Female,NULL,4/12/2021,2/9/2022,Finance,186159,Needs Improvement
796,Valerie,Brown,59,F,1/8/1989,3/26/2022,2/24/2023,IT,132834,Needs Improvement
797,Christopher, jones,66,Man,5-Apr-42,3/5/2021,1/23/2024,Customer Service,172351,Exceeds
798,James,Green,31,Decline to comment,29-Mar-75,12/2/2023,10/31/2024,Customer Service,94182,3
799,Jennifer,Figueroa,63,Man,8/11/1950,12/2/2023,2/15/2027,HR,63898,5
800,Brenda,Moore,67,Decline to comment,1/14/1957,3/5/2023,1/21/2024,HR,3765,Below
801, Karen,Lopez,33,Woman,11-Jan-70,7/13/2022,5/5/2026,Finance,40835,Needs Improvement
802,Adrian,Hampton,60,Male,1/14/2022,12/2/2023,12/2/2027,Customer Service,41243,5
803,Robert Richard,,49,F,26-Jul-97,2/19/2020,4/24/2022,IT,168609,Below
804,Gary,rodriguez ,64,Man,17-Sep-47,3/1/2020,9/10/2021,I,6865,3
805,James,Davis,23,Boy,2/19/1930,8/3/2021,4/19/2023,Marketing,122998,2
806,melissa ,Walters,32,M,1-Jun-92,2/23/2021,4/13/2024,Engineering,145015,Exceeds
807,Michael,Yang,30,Man,23-Dec-51,8/28/2020,5/3/2023,IT,11508,Needs Improvement
808,Hannah,Vasquez,69,F,1/21/1998,7/12/2020,2/17/2022,Finance,102384,2
809,pamela ,Miller,58,Man,1/12/1936,4/30/2022,7/9/2022,Marketing,95403,Below
810, Michelle,page ,43,Female,11/18/1918,10/12/2023,5/11/2024,Financ,78449,1
811,justin ,Hughes,34,Girl,1/30/1937,4/1/2020,5/5/2021,Marketing,110522,3
812,Kurt,Barker,55,N/A,7/10/1965,9/18/2020,3/27/2023,IT,124181,4
813,Sabrina,Blevins,37,Decline to comment,11/10/1913,7/28/2020,12/25/2023,Engineering,50480,Below
814,Ana,freeman ,48,Decline to comment,NULL,12/2/2023,8/16/2027,IT,120042,Exceeds
815,Tracey,Garrett,79,Female,11/30/1945,12/2/2023,6/24/2025,Sales,149763,3
816,Joseph,Brown,64,Boy,30-Mar-33,1/18/2022,7/9/2022,Marketing,73373,3
817,Michael,Elliott,22,Woman,7/12/1968,4/8/2023,9/15/2024,Marketing,81334,Outstanding
818,Ryan, ware,52,Girl,NULL,12/19/2020,8/31/2021,HR,172725,2
819,Jackson,Torres,35,Boy,12-Feb-32,7/12/2022,4/8/2023,IT,7567,Needs Improvement
820,Theresa, harris,30,Woman,5-Sep-16,8/5/2020,5/16/2023,HR,157338,3
821,Scott, johnson,44,N/A,12/5/1965,11/1/2021,1/27/2022,Sales,34059,Meets
822,John,Wilkins,46,Male,16-Jan-21,12/2/2023,8/10/2027,IT,115797,5
823,Vickie,Bowen,41,N/A,7-Jun-48,12/2/2023,2/10/2027,I,154722,4
824,John,Taylor,28,Woman,8/10/1956,12/2/2023,10/10/2025,Operations,79522,Below
825, Christian,Smith,50,Male,3-Sep-05,1/26/2021,10/24/2021,Finance,127101,Meets
826,Kevin,Anderson,51,Decline to comment,30-Sep-33,4/14/2023,12/9/2023,Customer Service,63155,Outstanding
827,veronica ,Cook,21,M,7-Aug-03,1/18/2021,3/19/2022,IT,128886,Meets
828,,Shaw Wu,59,Girl,8/26/2005,8/20/2020,7/16/2021,IT,149664,Below
829,,Hart Coleman,35,Girl,6/9/1917,8/3/2023,2/4/2027,Finance,13076,1
830,George,Smith,68,Female,11/6/1919,8/16/2020,9/27/2023,Operations,7156,Outstanding
831,Brandon,Warren,NULL,Decline to comment,NULL,12/2/2023,12/30/2025,HR,108433,Exceeds
832,,Blake Acevedo,32,Female,2/20/1941,8/25/2022,3/21/2024,Finance,9629,1
833,Catherine,Mejia,18,F,26-Jul-47,12/2/2023,10/17/2027,Marketing,33007,Below
834,Bryan,Bauer,32,Boy,14-Mar-56,9/26/2023,7/3/2025,Sales,78307,Meets
835, Elizabeth,Odom,57,Boy,11-May-16,12/2/2023,2/7/2025,Marketing,159060,Outstanding
836,Melanie,Andersen,52,Man,2-Apr-47,1/12/2023,10/21/2025,Engineering,100441,2
837,Alexa,rosales ,50,Boy,6/30/2015,12/2/2023,11/28/2025,Marketing,7106,Exceeds
838,Christopher Christopher,,44,Boy,19-Mar-28,2/5/2020,9/15/2020,Operations,8234,Outstanding
839,michael ,Bradley,34,Male,10-Aug-94,12/2/2023,11/13/2027,IT,113425,1
840,Edward Mark,,44,Boy,NULL,2/22/2020,9/20/2020,Marketing,31702,1
841,Mark,Griffith,32,F,6/1/1992,8/29/2021,2/17/2023,Sales,117794,2
842,Matthew Jerome,,55,M,9/5/1966,12/2/2023,6/21/2027,Engineering,110253,Needs Improvement
843, Brian,Preston,42,Boy,19-Jun-23,5/8/2021,3/3/2023,Finance,9674,2
844,Bailey,Gomez,38,Female,7/15/1921,10/1/2021,10/31/2022,Customer Service,7741,1
845,Edward,Nichols,39,Woman,8/6/1930,9/13/2020,2/10/2022,Sales,86944,Below
846,Tyler,Wood,42,Boy,3/26/1999,5/13/2022,5/24/2024,Finance,170862,Outstanding
847, Dennis,Wilson,73,N/A,8/4/1951,11/23/2023,9/12/2024,Finance,172848,1
848,Wanda,Lee,57,Male,NULL,1/11/2022,11/21/2022,Engineering,16609,5
849,Valerie,Reed,66,Decline to comment,2-Apr-92,12/2/2023,1/10/2027,IT,198369,Below
850,David,Ruiz,27,M,7/3/1997,6/23/2023,1/8/2026,Marketing,102282,Exceeds
851,Cody Brandy,,27,Boy,17-Jan-52,12/1/2021,1/3/2025,Financ,6354,Meets
852,Jennifer,Murray,64,Girl,14-Sep-34,12/2/2023,4/15/2025,Engineering,66292,Needs Improvement
853,mary ,brown ,40,N/A,10/31/1973,12/2/2023,11/6/2027,Finance,189274,Exceeds
854, Robert,Kane,88,Woman,16-Jan-36,5/4/2020,6/13/2023,Operations,125474,Exceeds
855,Amanda,Floyd,59,N/A,6/24/1987,5/1/2020,5/16/2021,Marketing,85590,3
856,Kayla,oneal ,38,Man,1-Oct-73,12/2/2023,5/2/2024,Sales,188896,Needs Improvement
857,Veronica, reid,45,Boy,30-Aug-08,7/21/2023,10/7/2026,marketinging,110103,3
858,Lauren,Alexander,31,Girl,3-Apr-12,6/15/2021,3/28/2022,Operations,62817,Below
859,Henry,thomas ,40,F,4-Jul-26,11/11/2021,10/28/2024,Financ,6936,Exceeds
860,Gerald,Hall,18,Woman,1/3/1924,10/6/2023,12/8/2023,Engineering,187403,1
861, Emily,Sullivan,66,Girl,4-Dec-07,10/5/2021,5/15/2024,Sales,120465,5
862,,Scott Beasley,37,Male,NULL,1/26/2021,10/20/2022,I,59074,Exceeds
863,edward ,West,32,Decline to comment,15-Oct-84,12/2/2023,12/14/2026,Sales,171948,Outstanding
864,Carol,Becker,52,Girl,4-Mar-12,8/16/2021,6/29/2023,HR,69929,2
865,Kyle Joseph,,65,Man,11-Jun-33,1/26/2022,9/12/2023,HR,122203,Needs Improvement
866,Elizabeth,Sherman,53,Female,7/9/1971,9/2/2023,2/8/2027,IT,8319,Outstanding
867,Stacy,Hancock,32,Male,1-Jun-92,7/24/2021,5/18/2023,Engineering,169379,Outstanding
868,Mary, guzman,37,Man,NULL,9/5/2023,7/24/2026,H,140764,4
869,Nicole, castillo,62,F,12/19/2003,12/2/2023,8/1/2027,Customer Service,69028,3
870, Sheryl,Mason,55,Girl,NULL,12/2/2023,9/23/2025,HR,192889,5
871, Christopher,Hicks,22,Girl,8/21/1989,8/18/2021,2/1/2022,H,165577,2
872,Debra Debbie,,21,Decline to comment,10/8/1946,9/17/2020,8/20/2023,IT,161844,5
873,Larry,Tate,29,Male,17-Dec-45,8/18/2022,12/5/2022,Operations,109126,Exceeds
874,Michael,Murphy,18,Girl,7/3/2006,2/8/2020,9/10/2023,Operations,145551,Needs Improvement
875,Danny,valdez ,43,Man,9/9/2005,6/15/2023,11/23/2024,Customer Servic,57001,3
876,John,Gonzales,47,Girl,4/19/2017,7/7/2022,2/15/2023,Sales,40986,Meets
877,Barbara,Payne,27,N/A,21-Jan-14,3/27/2020,12/3/2023,marketinging,150545,5
878,Thomas,Lopez,32,N/A,28-Aug-76,8/4/2020,9/28/2020,Engineering,108652,Exceeds
879,Natalie,Obrien,24,Female,NULL,12/2/2023,4/2/2027,Marketing,115419,4
880,Thomas,Meyer,52,Decline to comment,28-Jan-92,8/4/2023,2/8/2025,Marketing,128684,1
881,Jamie,Smith,51,F,22-Apr-74,5/5/2021,9/7/2021,Engineering,45403,Outstanding
882,Daniel,Hunter,47,M,8/4/2002,5/5/2021,9/18/2021,Marketing,92762,5
883,Nathan,Davis,58,Boy,6-Apr-72,2/19/2023,8/18/2025,HR,93551,4
884,danielle ,Boyer,53,F,28-Oct-35,12/2/2023,11/26/2024,engineeringing,174210,Needs Improvement
885,Jennifer,Thomas,37,Male,10/27/2017,4/29/2023,10/15/2026,Marketing,76087,Meets
886,Ian,Murphy,28,Girl,11/16/1958,10/27/2022,9/30/2024,HR,176046,Exceeds
887,Danielle,Sweeney,65,Woman,20-Jul-16,1/25/2020,1/29/2021,Finance,10090,5
888,Melissa,Miller,30,Woman,NULL,8/27/2020,12/21/2020,Customer Service,179236,Below
889,Robert,Long,51,Female,12-Oct-69,6/21/2023,1/21/2027,Customer Service,105986,Meets
890, Charles,Bond,21,Girl,25-May-86,9/29/2023,2/4/2025,Operations,33033,5
891,brooke ,Kim,69,Girl,10/24/1999,3/4/2020,7/20/2023,HR,145472,Meets
892, Reginald,Hill,36,F,17-Feb-14,12/2/2023,4/1/2026,Customer Service,82486,5
893,Ray,Soto,24,Boy,8/4/1962,12/2/2023,5/25/2025,Operations,196222,Needs Improvement
894,Sandra,Aguilar,31,Man,2/5/2011,1/21/2022,11/13/2023,Customer Servic,68537,2
895,Tonya, combs,42,Boy,2-May-13,5/27/2021,10/2/2021,Finance,134830,Needs Improvement
896,Brianna,Owen,110,F,1-Mar-14,10/27/2023,5/1/2026,H,183812,Below
897,Charles,Hayden,62,Female,29-Sep-41,10/17/2023,9/15/2027,Sales,191631,2
898,Eric,Johnson,43,Man,12/5/1963,12/1/2022,4/8/2025,engineeringing,188894,Meets
899,Zachary,Guzman,55,Girl,12/14/2011,12/9/2022,12/7/2023,HR,90802,2
900,Kimberly,Martin,33,Woman,5/6/1979,12/2/2023,6/30/2025,Sales,122140,4
901,Monica, watkins,61,N/A,12/12/1939,2/8/2022,10/21/2024,marketinging,63769,Needs Improvement
902,Michelle, cain,67,N/A,9/22/1917,4/16/2020,2/17/2021,Finance,114256,Outstanding
903,Spencer,Miller,49,Boy,23-Jan-81,4/29/2022,5/27/2024,Operations,8367,Exceeds
904,Joseph,Evans,39,Male,NULL,12/2/2023,6/23/2027,Customer Service,124520,Needs Improvement
905,Robert,Kim,51,Man,11/13/1999,2/19/2023,4/24/2025,Operations,156278,2
906,Russell,Gardner,31,M,2/18/1930,7/22/2020,7/27/2022,Finance,83969,3
907,duane ,Cameron,20,M,20-Jul-16,3/14/2021,11/27/2021,IT,192164,2
908,Julie,Mitchell,24,Boy,13-Sep-23,11/21/2021,9/22/2022,IT,147923,2
909,kyle ,Lawson,23,Man,NULL,12/9/2023,2/6/2024,IT,164942,Meets
910,James,Clark,64,Male,9/18/1953,12/2/2023,9/1/2026,Sales,123998,Below
911,Tiffany,Walton,47,Girl,5/21/1982,10/11/2021,5/6/2023,Sales,43827,Exceeds
912,Taylor, young,34,Boy,5-Apr-08,1/15/2021,10/21/2023,marketinging,160713,3
913,Tom, cox,25,N/A,30-Apr-98,4/8/2020,10/1/2023,HR,159765,Meets
914,Richard,Baker,33,Girl,11-Sep-17,1/29/2020,2/8/2021,Marketing,95950,Meets
915,brenda ,Burke,57,F,NULL,12/2/2023,11/15/2027,H,68245,2
916,nicholas ,Williamson,43,N/A,11/9/1971,12/2/2023,10/15/2024,Marketing,95805,Exceeds
917,Craig,johnson ,61,M,10/25/1925,1/1/2023,4/11/2026,Customer Service,14545,3
918,Devin,smith ,66,Woman,8/11/1988,12/2/2023,3/18/2027,HR,104415,Below
919, Michael,Brooks,70,Boy,NULL,3/11/2020,8/12/2023,Customer Service,170047,4
920,Noah,Ward,31,Man,10/27/1935,6/4/2022,2/24/2026,Engineering,155888,3
921,Elizabeth,Diaz,70,Boy,6/13/1909,2/20/2023,7/2/2023,IT,118632,3
922,Marcus,Young,24,M,14-Dec-00,8/30/2022,3/19/2023,Finance,9066,Needs Improvement
923,Ricky,Espinoza,39,Girl,11/8/2002,5/31/2022,8/13/2025,HR,8915,Below
924,Marilyn,Pittman,21,M,12/20/1911,7/5/2020,6/1/2021,Engineering,172493,3
925,Rachel, wallace,18,Decline to comment,13-Feb-56,8/23/2021,12/10/2023,Customer Service,48562,Below
926,Manuel,Winters,40,Man,7-Nov-86,12/21/2021,3/8/2025,Marketing,96953,4
927,Kelsey, stephenson,40,Girl,3/3/1964,3/26/2020,12/6/2020,Finance,78024,3
928,Rebecca,Stevens,34,F,15-May-97,5/1/2021,10/13/2021,HR,96634,Below
929,Joy,Myers,66,Man,2-Dec-83,3/30/2023,12/10/2024,HR,40405,Outstanding
930, Hannah, lopez,68,F,23-Feb-42,12/2/2023,1/27/2025,Finance,134510,3
931,Christian,Short,64,Male,1/20/1915,11/20/2023,5/7/2024,Sales,175052,4
932,Christopher,Davidson,32,Girl,6/1/1992,7/7/2023,9/1/2023,Finance,99446,Outstanding
933,Stephen,Lewis,62,Male,13-Feb-43,12/2/2023,11/2/2027,HR,192511,Needs Improvement
934,Robert,Brown,57,Boy,10-Oct-67,5/1/2023,9/3/2025,Customer Service,133211,Exceeds
935,Anthony,Doyle,30,Woman,7/13/1948,12/2/2023,4/29/2027,Customer Service,147658,5
936,Nathan,Duncan,70,Decline to comment,21-Jul-11,1/13/2023,3/16/2024,HR,166079,3
937,Michael Daniel,,36,Boy,7-Jun-12,4/18/2022,9/4/2025,Sale,12607,2
938, Leah,Miller,64,Man,14-Mar-87,12/29/2020,8/3/2023,HR,121412,Below
939,James,Grant,70,Girl,4/14/1918,12/2/2023,2/14/2027,Marketing,15840,3
940,Bernard,Hart,38,M,7/12/1991,9/7/2021,3/3/2022,IT,93304,Exceeds
941,Hannah, ayala,70,Man,1/3/1954,12/2/2023,2/28/2026,Engineering,152808,4
942,Samuel,kane ,37,M,4/29/1970,12/2/2023,1/13/2028,Finance,136842,5
943,julie ,Owens,40,Female,12/28/1968,4/14/2020,12/21/2023,Operations,120433,Below
944,Glenn,Lopez,57,Male,2-Jan-38,12/29/2020,5/5/2024,Operations,116198,Below
945,James, caldwell,65,N/A,30-Jan-71,12/2/2023,12/14/2025,Operations,60949,4
946,Angela,Williams,63,Girl,6/1/1979,5/18/2022,3/2/2023,HR,94784,5
947,Richard,Willis,52,Decline to comment,9/25/2020,12/2/2023,6/11/2026,Sales,109349,5
948,andrea ,Perry,69,Man,23-Jun-22,4/29/2021,1/7/2025,Engineering,42454,1
949,Jessica,Perez,49,Man,4/29/1967,10/12/2021,1/9/2025,Marketing,180118,5
950,Megan,Watson,47,Female,10/30/1922,2/7/2023,9/17/2024,I,181646,Exceeds
951,Tracy,Zamora,22,M,7/20/2002,12/2/2023,2/3/2026,Marketing,195041,Meets
952,James,Young,62,Female,8/28/1994,11/21/2023,8/31/2026,Sales,192546,2
953,Brian,Reeves,38,Female,14-Sep-17,8/12/2022,10/7/2024,Operations,72971,Meets
954,denise ,Ray,39,Male,25-Oct-88,2/22/2020,12/20/2020,Sales,97677,1
955,Heather,Harrell,32,N/A,7-Sep-01,12/2/2023,7/30/2027,Sales,91527,5
956,Anthony,Vargas,86,N/A,21-Sep-38,2/19/2021,3/26/2022,Customer Service,69422,3
957,Mark,Jones,18,N/A,10/1/1910,11/11/2023,7/5/2027,engineeringing,53247,4
958,Kenneth,Gregory,50,Male,12/20/1974,6/6/2022,6/3/2023,HR,13047,Meets
959,,Stanley Jackson,68,Man,12/29/1980,12/2/2023,3/20/2027,HR,100001,Meets
960,,Robertson Ramos,24,Male,12/17/1989,6/9/2021,1/12/2023,IT,182621,3
961,Deborah,Price,57,N/A,1/26/1973,9/29/2022,7/17/2026,IT,112564,1
962,Kathy,Fisher,69,Girl,5-Mar-01,10/15/2021,3/1/2023,Finance,74638,Outstanding
963,Bethany,Edwards,35,N/A,13-Nov-96,12/22/2022,5/17/2024,Sales,92191,1
964,Barbara, curry,40,Male,2/18/1919,8/24/2021,9/17/2023,Customer Service,85719,Exceeds
965,Zachary,Moore,61,F,15-Feb-06,1/10/2021,10/16/2021,Marketing,123617,Meets
966,William,Caldwell,65,Man,5/10/1988,12/2/2023,2/4/2028,Engineering,131800,3
967,Susan,Wyatt,39,F,NULL,6/26/2020,11/27/2022,Customer Servic,113330,Exceeds
968,Kelly,Rodriguez,51,Boy,11/10/2011,9/14/2021,10/20/2023,Finance,90407,Outstanding
969,Allison, ruiz,47,Woman,12/18/2022,6/6/2021,6/5/2023,HR,119627,2
970,Rebecca,Beard,39,Female,NULL,10/21/2020,12/14/2020,Operations,11288,5
971,julia , lawson,22,Woman,NULL,9/8/2022,5/14/2024,Customer Service,157222,Needs Improvement
972,jennifer ,Williams,18,Boy,19-Oct-53,12/2/2023,7/28/2025,IT,156997,1
973,,Mendez Alvarez,53,Female,4/4/1935,9/23/2022,8/24/2024,marketinging,15858,1
974,connie , dixon,34,F,4/14/2022,2/4/2023,7/18/2025,Sales,56210,Outstanding
975,Frank,Chen,27,Woman,23-Jul-15,12/24/2020,1/24/2024,IT,128220,Outstanding
976,Theresa,Cruz,20,F,4/15/1968,3/22/2020,11/23/2021,Sales,59811,Outstanding
977,Kathleen,Cooper,63,Female,21-Apr-45,9/29/2021,2/15/2023,Engineering,91643,3
978,Michael Shannon,,27,Girl,11-Aug-09,8/22/2023,8/7/2027,Sales,83161,Exceeds
979,Erica,Hobbs,19,Girl,9/1/2010,7/9/2020,6/10/2024,Operations,109432,Outstanding
980,Dominic,Owens,68,Girl,27-Aug-56,10/15/2022,1/21/2026,Sales,11156,Outstanding
981,Keith,Stephens,64,Boy,18-Mar-60,4/18/2023,8/25/2026,Marketing,192423,Needs Improvement
982,Kimberly,Mcdonald,44,Woman,15-Aug-16,3/31/2021,3/26/2023,IT,71911,Below
983,Marisa,Sanders,53,Male,4/20/1941,2/5/2023,2/23/2024,Engineering,14649,5
984, Tiffany,Hanson,45,Boy,8-Jun-84,6/18/2022,2/12/2023,I,48494,4
985,Max,campbell ,32,Man,30-Dec-40,2/13/2020,9/5/2021,Customer Service,14565,5
986,Thomas,Mendez,55,F,6/16/1984,12/23/2022,12/19/2023,Sales,144853,Exceeds
987,Jennifer,Friedman,24,Male,22-Sep-35,6/12/2022,2/3/2026,HR,40850,1
988,,Sullivan Morgan,27,Girl,7/1/1917,1/21/2020,5/28/2021,Sales,195930,Meets
989,Ethan,Pitts,48,Man,14-Dec-48,3/25/2023,11/10/2023,HR,190247,5
990,Lisa,Lynch,31,Female,11/9/1946,7/26/2022,1/1/2023,Engineering,163636,Meets
991,Elizabeth Michael,,68,Decline to comment,31-Mar-00,8/17/2022,5/21/2025,Engineering,157486,Needs Improvement
992,Henry,Berry,52,Female,8/16/1960,12/2/2023,9/4/2027,IT,42710,Needs Improvement
993,Alan,Dunn,45,F,10-Nov-22,5/24/2023,7/30/2024,Sales,133615,Exceeds
994, Ralph,Perry,44,Male,11/1/1953,12/2/2023,12/13/2024,Customer Service,158779,1
995, Jim,Mendoza,30,Woman,12/20/1939,5/25/2023,10/13/2023,Financ,32691,1
996, Heather,Salazar,66,Boy,NULL,3/15/2022,4/24/2024,IT,108230,Outstanding
997, Matthew,lowery ,48,N/A,24-Apr-72,12/2/2023,3/3/2027,Finance,5777,3
998,Martin Danny,,63,Man,5/21/1951,8/13/2020,9/28/2023,IT,110772,Needs Improvement
999,Shelby,Mata,19,Man,11/23/1985,8/5/2020,9/24/2023,IT,164747,4
1000,Vincent,Lambert,48,Female,2-Apr-50,10/28/2021,12/24/2022,HR,53803,4
